INSERT INTO `brano` VALUES (768533,'Rain (Mood EP Version)','00:07:51',90397),(91706148,'Freak','00:05:33',9306904),(93069036,'Let Me (Original Mix)','00:05:48',9450650),(93069038,'Let Me (Jacob B Remix)','00:06:33',9450650),(93069040,'Let Me (Rich Pinder Remix)','00:04:00',9450650),(93069042,'Let Me (Prune Flat Remix)','00:07:02',9450650),(96980032,'Midnite City Blues','00:06:20',9872184),(100454722,'Feel So Real','00:05:11',10293240),(100454724,'Feel So Real (David Moran Sub Dub)','00:06:38',10293240),(100454726,'Feel So Real (Murvin Sound Remix)','00:06:58',10293240),(100454728,'Feel So Real (Prune Flat Remix)','00:06:24',10293240),(100454730,'Feel So Real (Stroopwafel Remix)','00:06:07',10293240),(101868089,'Ain\'t Nobody (Funky Truckerz Remix)','00:06:35',10578117),(101868091,'Ain\'t Nobody (Tommy Mc Remix)','00:06:21',10578117),(101868093,'Ain\'t Nobody (Robbie G Remix)','00:07:06',10578117),(101868095,'Ain\'t Nobody (Motive Remix)','00:04:50',10578117),(104722528,'Certified Feelin','00:05:51',10903540),(104722530,'Certified Feelin (Fabio Lendrum Makes It Hot Remix)','00:07:21',10903540),(104722532,'I Never','00:05:18',10903540),(104722534,'I Never (Ozzi\'s Deluxe Rework)','00:06:00',10903540),(104722536,'I Never (Ben Bodles Houzey Remix)','00:06:18',10903540),(104722538,'I Never (Karl Lewis-Lynch Remix)','00:08:19',10903540),(111724462,'For The Music','00:06:39',11597894),(127805673,'Kickass (Original Mix)','00:06:34',13492697),(127805675,'Comfortable Strangeness (Original Mix)','00:06:14',13492697),(127805677,'Comfortable Strangeness (David Duriez\'s Full On Remix)','00:08:19',13492697),(127805679,'Kickass (Chris Burns Remix)','00:07:11',13492697),(127805681,'Kickass (Chris Burns Alternate Instrumental Remix)','00:06:53',13492697),(129475144,'Phone Call','00:06:01',13704830),(129475146,'Phone Call (Cardiac Remix)','00:07:49',13704830),(129475148,'Phone Call (Titan Road Remix)','00:05:43',13704830),(129475150,'F### That','00:05:54',13704830),(137407356,'What It Is','00:04:06',14741066),(137407358,'What It Is (Luca Secco & Craftkind Remix)','00:06:39',14741066),(137407360,'What It Is (Matteo Rosolare & Jojo Angel Remix)','00:06:59',14741066),(137407362,'Marked As Red','00:04:56',14741066),(142943190,'Black Drums','00:05:15',15472056),(142943192,'Black Drums (Harry Ley Remix)','00:06:58',15472056),(142943194,'Black Drums (Cleary Remix)','00:06:55',15472056),(144577728,'Stereotypes','00:05:42',15686120),(144577730,'Stereotypes (Chicago Loop Remix)','00:06:29',15686120),(144577732,'Stereotypes (ItaloBros Remix)','00:07:10',15686120),(144577734,'Stereotypes (Tian Karl Remix)','00:06:36',15686120),(351497491,'I Need You (Original Mix)','00:06:44',40134511),(351497501,'I Need You (Yade Remix)','00:05:36',40134511),(425568962,'Street Games','00:05:47',51168892),(425568972,'Street Games (Truth Be Told Remix)','00:06:53',51168892),(425568982,'Street Games (Waitz Remix)','00:06:43',51168892),(425568992,'Malfunction','00:05:41',51168892),(465230242,'Rain (Dense & Pika Remix)','00:06:25',57609692),(493327332,'Ladies Night','00:06:03',62482862),(493327352,'Funk Alive','00:05:35',62482862),(493795152,'Boogie Trippin','00:06:13',62551572),(493795162,'Flow Distinction','00:07:00',62551572),(493795172,'Next to You','00:06:15',62551572),(493795182,'Selfless State','00:06:13',62551572),(508987082,'Inspiration','00:06:12',65145352),(585083922,'You & Me, Together','00:06:05',78526252),(705151732,'Turn Off The Lights (Who\'s Afraid Of The Dark) (Satoshi Tomiie Remix)','00:08:04',102094052),(705151742,'Turn Off The Lights (Who\'s Afraid Of The Dark) (Jerome Sydenham\'s Cerebral Dub)','00:06:44',102094052),(705151752,'Turn Off The Lights (Who\'s Afraid Of The Dark) (Voyeur Remix)','00:07:36',102094052),(705151762,'Turn Off The Lights (Who\'s Afraid Of The Dark) (Seb Zito Remix)','00:07:08',102094052),(705151772,'Turn Off The Lights (Who\'s Afraid Of The Dark) (DJ Deep & Romain Poncet Remix)','00:06:20',102094052),(705151782,'Turn Off The Lights (Who\'s Afraid Of The Dark)','00:08:08',102094052),(705152412,'Six Pianos','00:12:20',102094252),(705152422,'Six Pianos (Loco Dice Remix)','00:06:41',102094252),(705152432,'Six Pianos (Stephane Ghenacia Remix)','00:07:05',102094252),(705152442,'Six Pianos (Audiojack Remix)','00:09:25',102094252),(739833962,'Atomic Pulse (Original Mix)','00:05:26',108761332),(739833972,'Stoccado (Original Mix)','00:05:36',108761332),(739833982,'Orbit (Original Mix)','00:06:10',108761332),(739833992,'Extension Of The Mind (Original Mix)','00:07:25',108761332),(750415082,'Edge of The Mirror (Original Mix)','00:06:09',110449612),(750415092,'Forever Moving (Original Mix)','00:06:47',110449612),(750415102,'Synchronicity (Original Mix)','00:06:04',110449612),(750415112,'Electrogirl (Original Mix)','00:05:58',110449612),(751860672,'Chaos On MTV','00:06:37',110692282),(751860682,'Chaos On Mtv (Ark Remix)','00:06:43',110692282),(757412562,'Unexpected Visitor','00:06:30',111583262),(757412572,'Transcendent State','00:05:30',111583262),(757412582,'Space Elvis','00:06:08',111583262),(757412592,'One Last','00:05:59',111583262),(757412602,'Canceled On Request','00:06:08',111583262),(796400852,'Illusion','00:07:18',117489472),(796400862,'Clone','00:07:12',117489472),(796400872,'Nina','00:06:12',117489472),(796400882,'Cell','00:06:04',117489472),(830963582,'Second Chapter','00:05:43',122799672),(830963592,'Power Of Dreams','00:06:23',122799672),(860824492,'Ride On','00:05:59',128617792),(860824512,'Tunnel','00:05:53',128617792),(860824522,'Wrecked','00:05:23',128617792),(860824532,'Tunnel (Mancini Remix)','00:06:33',128617792),(926989582,'House Feeling','00:05:12',141066032),(938622922,'Hooked on You','00:06:23',143735672),(938622932,'Facettes','00:05:28',143735672),(938622942,'Bad to the Bone','00:05:57',143735672),(938622952,'Jode Lade','00:06:34',143735672),(985370922,'Be Real','00:07:33',153312392),(999734252,'DJ Mix (DJ Mix)','01:03:50',156262932),(1024478622,'Overflow','00:03:17',161388552),(1034593402,'Son of a Sun','00:06:43',163372612),(1040743582,'Close Call','00:08:54',164708402),(1040743592,'Campari','00:06:03',164708402),(1040743602,'Healing','00:06:09',164708402),(1040743612,'Close Call (Josh Baker Remix)','00:07:06',164708402),(1040743622,'Close Call (Ray Mono Remix)','00:09:06',164708402),(1040755572,'Close Call','00:08:54',164711012),(1040755582,'Campari','00:06:03',164711012),(1040755592,'Healing','00:06:09',164711012),(1040755602,'Close Call (Josh Baker Remix)','00:03:26',164711012),(1040755612,'Close Call (Ray Mono Remix)','00:03:26',164711012),(1088820892,'Holding onto you','00:05:52',175145502),(1088820912,'Daylight','00:05:56',175145502),(1088820922,'Step han','00:06:13',175145502),(1088820932,'Lesson','00:07:13',175145502),(1095502602,'Floating Point (Original Mix)','00:07:14',176692662),(1095502612,'Widdit (Original Mix)','00:06:43',176692662),(1095502622,'Profound (Original Mix)','00:06:02',176692662),(1095502632,'Citey Kan (Original Mix)','00:05:42',176692662),(1149497112,'Let Me Breathe','00:06:14',187965362),(1149497122,'Beauty Of Creativity','00:06:37',187965362),(1149497132,'Lost Inside','00:06:20',187965362),(1149497142,'Lost Inside (Olly Vanc Remix)','00:06:09',187965362),(1180246282,'Learn To Know Yourself','00:06:22',193772012),(1182604652,'Intro','00:02:30',194246412),(1182604662,'Your Initials','00:04:11',194246412),(1182604672,'Journey','00:04:32',194246412),(1182604682,'Wonders','00:08:25',194246412),(1182604692,'Rest','00:06:04',194246412),(1182604702,'Lights On','00:06:40',194246412),(1188031342,'Spacefunk','00:07:36',195375762),(1191409392,'Deep in Space','00:03:49',196165232),(1198332282,'Ventura','00:05:51',197836242),(1198486872,'Morning Wonders ','00:05:37',197868612),(1198486882,'Morning Wonders  (Leo Pol Remix)','00:07:06',197868612),(1198486892,'Ventura','00:05:51',197868612),(1198486902,'Sylvestre Alone','00:06:40',197868612),(1198486912,'Don\'t Compare Yourself','00:07:48',197868612),(1203924992,'Take A Leap Of Faith','00:06:38',199007422),(1277322762,'Lie Machine','00:06:53',215210272),(1277322772,'We Miss The Crowd','00:06:52',215210272),(1277322782,'Keep Creating Your World','00:06:19',215210272),(1277322792,'Jazzy Cruise','00:06:37',215210272),(1277322802,'Unusual Ego','00:06:57',215210272),(1277322812,'Spread Positivity','00:06:13',215210272),(1277322822,'Livin\' & Lovin\'','00:06:04',215210272),(1277322862,'Lie Machine','00:06:53',215210312),(1334599202,'Breather','00:07:45',221700932),(1334599212,'Spaceship','00:06:47',221700932),(1334599222,'Get Together','00:07:13',221700932),(1334599232,'Here to Catch You','00:06:31',221700932),(1334599242,'Sirine','00:06:16',221700932),(1334599252,'Sonic Mana','00:08:07',221700932),(1334599262,'Never Lazy','00:06:07',221700932),(1334599272,'Ethernity','00:07:14',221700932),(1397046782,'Honeymoon','00:03:47',235687822),(1450021402,'Prayer (Vocal Mix)','00:07:06',248286722),(1450021412,'Prayer (Media Mix)','00:06:59',248286722),(1450021422,'Prayer (Feel Mix)','00:07:06',248286722),(1450021432,'Prayer (Kaoz Vocal Mix)','00:06:24',248286722),(1450021442,'Prayer (623 Again Vocal Mix)','00:06:24',248286722),(1450021452,'Prayer (Instrumental)','00:07:06',248286722),(1450021462,'Prayer (Instrumental Media Mix)','00:07:00',248286722),(1450021472,'Prayer (Instrumental Feel Mix)','00:07:06',248286722),(1450021482,'Prayer (Kaoz Instrumental Mix)','00:06:26',248286722),(1450021492,'Prayer (623 Again Instrumental Mix)','00:06:25',248286722),(1515747392,'Brothers & Sisters','00:06:45',264110612),(1527666072,'Captain Lulu','00:06:02',266981152),(1527666082,'Broken Ring','00:05:53',266981152),(1527666092,'Turn Up Marty','00:06:05',266981152),(1527666102,'Odd Goblin','00:06:05',266981152),(1566321572,'Track ID1','00:07:57',275461722),(1566321582,'Track ID2','00:05:52',275461722),(1566321592,'Track ID1 (Kerri Chandler Remix)','00:06:57',275461722),(1566321602,'Track ID1 (Kerri Chandler No Piano Remix)','00:06:57',275461722),(1566321612,'Track ID1 (Kerri Chandler 623 Again Mix)','00:06:54',275461722),(1566321622,'Track ID1 (Kerri Chandler 623 No Piano Mix)','00:06:54',275461722),(1574117112,'Get Sexy','00:06:03',277139712),(1616934102,'Rapture','00:06:32',286527442),(1616934112,'Inside of Me','00:06:20',286527442),(1616934122,'My Crib','00:05:32',286527442),(1616934132,'My Crib (Sidney Charles Remix)','00:07:00',286527442),(1622127042,'Feel The Music','00:07:25',287738192),(1648917682,'Me & You','00:05:47',294003952),(1648917692,'Take Me Back','00:07:00',294003952),(1648917702,'Odyssey ','00:05:48',294003952),(1648917712,'Lost In Time','00:07:22',294003952),(1665829422,'Hundu Boulevard','00:06:42',298097512),(1665829432,'Can\'t Escape','00:06:20',298097512),(1665829442,'A Traveller on the Dusty Road','00:06:12',298097512),(1665829452,'Can\'t Escape (Giammarco Orsini Remix)','00:06:22',298097512),(1665829462,'Mysteries of the Universe','00:07:30',298097512),(1710386537,'You Get Lost In It [The Warehouse Project] (Full Vocal Main Mix)','00:06:58',308796457),(1746568077,'Change Your Mind [District 8] (Full Vocal)','00:09:29',317452567),(1748075217,'Change Your Mind (Full Vocal Edit)','00:04:11',317811217),(1748075227,'Tenacity (Main Vocal Edit)','00:04:25',317811217),(1748075237,'Subbie [Sub Club] (The Jackpot Mix)','00:06:55',317811217),(1748075247,'See The Light [Lux Frágil] (Long Vocoder Vocal Mix)','00:08:15',317811217),(1748075257,'Subbie [Sub Club] (Rattle The Subbie Vocal Mix)','00:06:55',317811217),(1748075267,'Tenacity [Output] (Main Vocal Mix)','00:06:25',317811217),(1748075277,'Change Your Mind [District 8] (Full Vocal)','00:09:29',317811217),(1748075287,'Change Your Mind [District 8] (Instrumental)','00:09:19',317811217),(1748075297,'See The Light [Lux Frágil] (Dub)','00:08:16',317811217),(1749045737,'Mirage','00:05:30',318044377),(1749045747,'Drunken Motel','00:05:55',318044377),(1749045757,'Mind Travellers','00:05:20',318044377),(1749045767,'The Sand Troopers','00:04:05',318044377),(1749045777,'Selfish Desire','00:04:05',318044377),(1799435887,'Rest','00:06:29',329457017),(1799435897,'Passenger','00:04:21',329457017),(1799435907,'Journey','00:04:32',329457017),(1799435917,'Seducer','00:05:23',329457017),(1799435937,'Roboflow','00:05:24',329457017),(1799435947,'Systematic','00:04:26',329457017),(1799435957,'Went Too Far','00:05:59',329457017),(1799435967,'Do Not Resist','00:06:01',329457017),(1799435977,'Ying Yang','00:05:25',329457017),(1799435987,'Neintien Eyti','00:05:45',329457017),(1799435997,'Illumination','00:05:59',329457017),(1799436007,'Stay With Me Forever','00:05:53',329457017),(1799436017,'Lights On','00:06:36',329457017),(1829189057,'Feelin\' Red [DC10] (Main Mix)','00:08:27',337001457),(1829189067,'Keep One (But Do it Again) [Sir Henrys]','00:07:05',337001457),(1829189077,'Industria [Industria]','00:08:05',337001457),(1829189087,'The Calling [Club Qu]','00:15:17',337001457),(1829189097,'Who Knows [Barbarellas] (Media Vocal Mix)','00:06:39',337001457),(1829189107,'Let It [Basic Club] (Kerri\'s Full Vocal Mix)','00:05:54',337001457),(1829189117,'Let It [Basic Club] (Instrumental)','00:05:54',337001457),(1839588087,'Zinzin','00:06:49',339374497),(1839588097,'Angels Die Of XTC','00:06:21',339374497),(1839588107,'Mister Blaze','00:05:45',339374497),(1839588117,'Waitin\' For','00:05:39',339374497),(1839588127,'Tanouki','00:06:24',339374497),(1863502627,'Hurry Up [Ministry of Sound] (Kerri\'s Again Mix)','00:06:55',345657867),(1863502637,'Joyful Life [De Marktkantine] (Full Vocal Mix)','00:06:46',345657867),(1863502647,'I See [Razzmatazz] (Full Mix)','00:06:40',345657867),(1863502657,'Dirty [Rex] (DJ Deep\'s Son & Dad Edit)','00:06:58',345657867),(1863502667,'Sunrise [Watergate]','00:07:15',345657867),(1863502677,'I See [Razzmatazz] (Instrumental)','00:06:40',345657867),(1863502687,'Hurry Up [Ministry of Sound] (Instrumental)','00:06:55',345657867),(1896659217,'Back to Earth (Find Your Peace) [The Knockdown Center]','00:07:31',352689077),(1896659227,'Never Thought [Printworks] (Main Vocal Mix)','00:06:17',352689077),(1896659237,'Milan [Magazzini Generali] (Full Sax Mix)','00:05:59',352689077),(1896659247,'You Get Lost In It [The Warehouse Project] (Full Vocal Main Mix)','00:06:58',352689077),(1896659257,'Hurry Up [Ministry of Sound] (Kerri\'s Again Mix)','00:06:55',352689077),(1896659267,'Tenacity [Output] (Main Vocal Mix)','00:06:25',352689077),(1896659277,'Kaiku [Kaiku] (Disco Version)','00:06:43',352689077),(1896659287,'Industria [Industria]','00:08:05',352689077),(1896659297,'Dirty [Rex] (DJ Deep\'s Son & Dad Edit)','00:06:58',352689077),(1896659307,'I See [Razzmatazz] (Full Mix)','00:06:40',352689077),(1896659317,'The Piano Thing (Live) [Eathos]','00:07:51',352689077),(1896659327,'Sunrise [Watergate]','00:07:15',352689077),(1896659337,'See The Light [Lux Frágil] (Original Long Vocoder Vocal Mix)','00:08:15',352689077),(1896659347,'Sun of Sound [Plan B] (Vocal Mix)','00:08:28',352689077),(1896659357,'Keep One (But Do it Again) [Sir Henrys]','00:07:05',352689077),(1896659367,'Who Knows [Barbarellas] (Media Vocal Mix)','00:06:39',352689077),(1896659377,'Let It [Basic Club] (Kerri\'s Full Vocal Mix)','00:05:54',352689077),(1896659387,'Change Your Mind [District 8] (Full Vocal)','00:09:29',352689077),(1896659397,'Joyful Life [De Marktkantine] (Full Vocal Mix)','00:06:46',352689077),(1896659407,'The Morning Heat [La Grange] (Main Mix)','00:08:04',352689077),(1896659417,'The Calling [Club Qu]','00:15:17',352689077),(1896659427,'Feelin\' Red [DC10] (Pull the 9 Out Mix)','00:07:08',352689077),(1896659437,'Subbie [Sub Club] (The Jackpot Mix)','00:06:55',352689077),(1896659447,'The Box Frame [Halcyon]','00:08:22',352689077),(1901124427,'Rendez Vous','00:05:13',353773487),(1901124437,'French Kitsch','00:06:18',353773487),(1901124447,'Rendez Vous (Kreech Remix)','00:06:35',353773487),(1938645947,'Bad Boy from the Milkyway','00:06:40',361594217),(2027574317,'Sugar Free','00:06:25',378040217),(2027574327,'Stay','00:07:01',378040217),(2027574337,'Stay (Kolter Remix)','00:06:42',378040217),(2027574347,'Imagine That','00:06:27',378040217),(2027574357,'Tinte','00:06:27',378040217),(2027574367,'Tinte (Nu Zau Remix)','00:07:37',378040217),(2110108227,'Final Checkpoint','00:06:00',397102967),(2110108237,'Cellular','00:07:05',397102967),(2110108247,'Cosmic Interference','00:08:18',397102967),(2110108257,'Journey to Nowhere','00:04:40',397102967),(2110108267,'Heavn','00:05:19',397102967),(2110108277,'State of Mind','00:06:43',397102967),(2110108287,'Heavn (Youandewan Remix)','00:06:10',397102967),(2110108297,'Eternal','00:07:37',397102967),(2169088677,'Sense of Future','00:06:15',412232537),(2169088687,'Strummer','00:06:56',412232537),(2169088697,'Nightcreeper','00:07:04',412232537),(2169088707,'Cold December','00:06:32',412232537),(2169088717,'Daydreamer','00:06:50',412232537),(2169088727,'Extract','00:07:33',412232537),(2176720507,'NMW','00:06:39',414109287),(2176720517,'Please, Get Away','00:06:50',414109287),(2176720527,'Hypnotizing Eyes','00:06:47',414109287),(2176720537,'NMW (Oden & Fatzo Remix)','00:05:08',414109287),(2192731347,'Bust a Beat','00:06:46',417859337),(2199558687,'District','00:07:24',419521577),(2199558697,'Frolic','00:07:05',419521577),(2199558707,'Current','00:06:38',419521577),(2199558717,'Double Vision','00:07:21',419521577),(2199558727,'100system','00:06:40',419521577),(2199558737,'No Time','00:06:50',419521577),(2290913915,'All Night Long','00:03:54',443485285),(2290913925,'Rose Bay','00:07:27',443485285),(2317215535,'Bonzai','00:04:59',450140335),(2357900085,'Good Old Rax','00:06:18',461720785),(2357900095,'The Rise','00:05:57',461720785),(2357900105,'Collective Paranoia','00:05:31',461720785),(2357900115,'The Rise (Denyl Brook Remix)','00:05:05',461720785),(2373198055,'Where Is Love','00:08:26',465945265),(2373199005,'Powder (Deep Legends Mix Kerri Chandler Remaster)','00:08:03',465945445),(2373199135,'Powder (Henrik Schwarz Remix)','00:07:50',465945475),(2373199145,'Peace Of Mind (D\'Julz Remix)','00:06:40',465945475),(2373199155,'Better Late Than Never (KETTAMA Remix)','00:04:56',465945475),(2373199165,'The Way It Was (Marquis Hawkes Classic Club Vocal)','00:06:55',465945475),(2373199175,'The Way It Goes (Track 1) (Chris Stussy Remix)','00:08:08',465945475),(2373199185,'The Way It Goes (Track 1) (Chris Stussy Dub)','00:06:36',465945475),(2373200035,'I Loved You (Kerri Chandler Remaster)','00:04:54',465945775),(2373200045,'Insomnia Again (Will Saul\'s \'Keeping It On\' Edit)','00:03:21',465945775),(2373200055,'I Need You (Rocco Rodamaal\'s 222 Mix)','00:06:27',465945775),(2373200065,'Up And Away (Kerri Chandler Remaster)','00:06:49',465945775),(2373200075,'Hanging On','00:05:03',465945775),(2373200085,'Better Late Than Never (Kaoz 6:23 Mix Kerri Chandler Remaster)','00:05:53',465945775),(2373200095,'Track 3 (Kevin Over\'s Acid Rework)','00:05:14',465945775),(2373200105,'Tight Up (Murk Miami Mix Kerri Chandler Remaster)','00:05:10',465945775),(2373200115,'Good Vibrations (Mad Mix Kerri Chandler Remaster)','00:06:43',465945775),(2373200125,'I Feel It (DJ Deep\'s 2018 Retouch)','00:06:55',465945775),(2373200135,'Powder (Jimpster Remix)','00:07:16',465945775),(2373200145,'I Can\'t Stand It (Media Mix Kerri Chandler Remaster)','00:06:59',465945775),(2373200155,'I Got That Feelin\' (Josh Butler Remix)','00:06:11',465945775),(2373200165,'Get Out (Demuja\'s \'It\'s Late\' Remix)','00:05:18',465945775),(2373200175,'Dat Da Da (Kerri Chandler Remaster)','00:06:56',465945775),(2373200185,'Something Wrong (Kerri Chandler Remaster)','00:05:50',465945775),(2373200195,'Where Is Love (Kerri Chandler Remaster)','00:08:26',465945775),(2373200205,'The Boom Can (Adesse Versions Edit)','00:06:34',465945775),(2373200215,'Get It Right (Mad Mix Kerri Chandler Remaster)','00:06:43',465945775),(2373200225,'Music Is My Friend (Kerri Chandler Remaster)','00:05:14',465945775),(2376005365,'Radio Los Santos','00:07:12',466788195),(2389907235,'Bar A Thym','00:03:08',470630925),(2389907245,'Bar A Thym (THEMBA Remix)','00:03:44',470630925),(2389907255,'Bar A Thym (Extended Mix)','00:07:24',470630925),(2389907265,'Bar A Thym (Tom Middleton Cosmos Remix)','00:08:12',470630925),(2389907275,'Bar A Thym (Supernova Remix)','00:08:24',470630925),(2389907285,'Bar A Thym (Supernova Dub)','00:07:31',470630925),(2389907295,'Bar A Thym (Supernova Bonus Beat)','00:06:20',470630925),(2389907305,'Bar A Thym (THEMBA Extended Remix)','00:06:06',470630925),(2389907315,'Bar A Thym (Foremost Poets Vocal Mix)','00:06:19',470630925),(2389907325,'Bar A Thym (Foremost Poets Vocal Edit)','00:08:18',470630925),(2389907335,'Bar A Thym (Foremost Poets Instrumental Mix)','00:06:19',470630925),(2389907345,'Bar A Thym (Louie’s MTV Mix)','00:04:39',470630925),(2389907355,'Bar A Thym (Javi Bora Remix)','00:07:47',470630925),(2389907365,'Bar A Thym (Peace Division Soft Heavy Remix)','00:09:58',470630925),(2389907375,'Bar A Thym (Dbow Remix)','00:06:57',470630925),(2389907385,'Bar A Thym (O&A Remix)','00:07:34',470630925),(2389907395,'Bar A Thym (O&A Vocal Dub)','00:07:33',470630925),(2389907405,'Bar A Thym (Lewis Lastella Remix)','00:07:37',470630925),(2389907415,'Bar A Thym (The Deepshakerz 2014 Rework)','00:07:01',470630925),(2389907425,'Bar A Thym (Asle Remix)','00:06:52',470630925),(2389907435,'Bar A Thym (Dzeta N’ Basile Remix)','00:08:18',470630925),(2389907445,'Bar A Thym (Dzeta N’ Basile & Ivo Toscano Remix)','00:07:10',470630925),(2423872485,'You Are In My System (Club Mix)','00:03:05',479780825),(2434339645,'Pushin\'','00:06:21',482631665),(2434339655,'Pushin\' (Louden Remix)','00:06:24',482631665),(2434339665,'Nearest Exit','00:05:42',482631665),(2434339675,'Nearest Exit (Romeo Louisa Remix)','00:06:34',482631665),(2440818965,'You Are In My System (Faster Horses Sport Mix)','00:03:17',484387245),(2444649995,'Midtown Playground','00:03:42',485373305),(2447150295,'Midtown Playground','00:03:42',486048505),(2447150305,'From The Delicate Mist Of Morning','00:07:04',486048505),(2447150315,'Blueprint','00:03:54',486048505),(2447150325,'From the Delicate Mist of Morning (Huerta Remix)','00:07:15',486048505),(2447150335,'Mythical Power','00:07:04',486048505),(2476305041,'DX7 Together','00:07:25',493890821),(2496437031,'Way Of Life','00:05:48',499519641),(2496438481,'Evening Drive','00:07:01',499519821),(2496438501,'Glace Circle','00:06:45',499519821),(2496439261,'Washed Away','00:06:00',499520011),(2496439271,'Passin By','00:05:56',499520011),(2496439281,'Rise Together','00:05:15',499520011),(2496439291,'At Last','00:06:21',499520011),(2496439301,'Barbrady','00:06:36',499520011),(2512826451,'Across Ocean','00:03:30',504321061),(2512826461,'Seeing & Believing','00:03:31',504321061),(2512826471,'Independent Woman','00:03:32',504321061),(2512826481,'Kaizen','00:03:32',504321061),(2512826491,'Seeing & Believing (Kolter Remix)','00:03:31',504321061),(2532488781,'Alchemic Warehouse','00:08:05',509868571),(2532488791,'Untitled','00:10:01',509868571),(2532488801,'Mdxx High','00:08:00',509868571),(2532488811,'Tribe','00:07:32',509868571),(2545782602,'Break The Roof','00:03:30',513509112),(2545782612,'Twentyk','00:03:35',513509112),(2592116402,'It\'s That Time (Kolter Remix)','00:03:46',525630692),(2616797052,'That Was Fresh','00:07:35',533743762),(2616797062,'This Is It','00:06:01',533743762),(2616797072,'Feel','00:06:56',533743762),(2616797082,'I\'m Fine, Thanks!','00:07:01',533743762),(2623751402,'Be Real','00:07:33',536013982),(2623751412,'Get Sexy','00:06:03',536013982),(2623751422,'Sunny Days','00:06:25',536013982),(2623751432,'Duke','00:06:20',536013982),(2623751442,'Moscow Mule','00:09:15',536013982),(2623751452,'Let You Go','00:06:41',536013982),(2645169442,'Hallelujah (Kaoz 6:23 Gospel Mix)','00:03:00',542536272),(2645169452,'Hallelujah (Kaoz Club Mix)','00:03:40',542536272),(2645169462,'Hallelujah (Angelo Ferreri Shatter Mix)','00:03:24',542536272),(2645169472,'Hallelujah (Qubiko Remix)','00:03:30',542536272),(2645169482,'Hallelujah (Kaoz 6:23 Gospel Extended Mix)','00:08:02',542536272),(2645169492,'Hallelujah (Kaoz Club Extended Mix)','00:07:48',542536272),(2645169502,'Hallelujah (6:23 Beats)','00:03:36',542536272),(2645169512,'Hallelujah (Angelo Ferreri Shatter Extended Mix)','00:06:15',542536272),(2645169522,'Hallelujah (Angelo Ferreri Jackin Dope Mix)','00:05:45',542536272),(2645169532,'Hallelujah (Robosonic Remix Mixed)','00:06:03',542536272),(2645169542,'Hallelujah (Qubiko Dub)','00:05:50',542536272),(2645169552,'Hallelujah (Qubiko Extended Remix)','00:05:50',542536272),(2645169562,'Hallelujah','00:06:01',542536272),(2645169572,'Hallelujah (Demarkus Lewis Extended Praise Mix)','00:09:08',542536272),(2645169582,'Hallelujah (Demarkus Lewis Heavy Foot Dub)','00:06:36',542536272),(2645169592,'Hallelujah (Demarkus Lewis Remix)','00:06:36',542536272),(2645169602,'Hallelujah (Roy\'s 1999 Future Remix)','00:11:20',542536272),(2645169612,'Hallelujah (Roy\'s unreleased Gospel Mix)','00:06:15',542536272),(2645169622,'Hallelujah (Supernova Dub)','00:07:16',542536272),(2645169632,'Hallelujah (Supernova Main Remix)','00:07:44',542536272),(2645169642,'Hallelujah (Mihalis Safras Remix)','00:06:54',542536272),(2645169652,'Hallelujah (J. Barnum Remix)','00:06:07',542536272),(2646598202,'Coro (Kaoz 6:23 Dark Mix)','00:03:16',542893742),(2646598212,'Coro (Kaoz 6:23 Dark Extended Mix)','00:06:31',542893742),(2646598222,'Coro (DJ Spen Kaoz Re-Edit)','00:06:30',542893742),(2646598232,'Coro (The Colonial Mentality)','00:05:59',542893742),(2646598242,'Coro (Kaoz Dub)','00:06:31',542893742),(2646598252,'Coro (Kaoz 6:23 Dark Mix - Trionisphere Live)','00:04:21',542893742),(2646962462,'Heal My Heart (Brokenears Remix)','00:02:49',542995542),(2646962472,'Heal My Heart (Marco Anzalone Remix Dub)','00:03:29',542995542),(2646962482,'Heal My Heart (Brokenears Extended Remix)','00:05:37',542995542),(2646962492,'Heal My Heart (Quentin Harris Black Heart Re-Production)','00:05:45',542995542),(2646962502,'Heal My Heart (Quentin Harris Black Heart Dub)','00:05:23',542995542),(2646962512,'Heal My Heart','00:07:02',542995542),(2646962522,'Heal My Heart (Marco Anzalone Extended Remix Dub)','00:06:20',542995542),(2646962532,'Heal My Heart (Marco Anzalone Vocal Remix)','00:06:20',542995542),(2646962542,'Heal My Heart (Kaoz Original Concept Mix)','00:07:16',542995542),(2646962552,'Heal My Heart (Dark Mix)','00:06:16',542995542),(2646962562,'Heal My Heart (Terrence Parker Re-Edit of Kerri Chandler Big Mix)','00:08:10',542995542),(2646962572,'Heal My Heart (Jojo Angel Remix)','00:06:58',542995542),(2646962582,'Heal My Heart (Kyle Kim Back to the 80\'s Mix)','00:08:04',542995542),(2646962592,'Heal My Heart (Big Mix)','00:07:36',542995542),(2646962602,'Heal My Heart (Houseswingers Vocal Remix)','00:06:03',542995542),(2646962612,'Heal My Heart (Houseswingers Dub Affair)','00:06:03',542995542),(2646962622,'Heal My Heart (Klevakeys Remix)','00:07:21',542995542),(2646962632,'Heal My Heart (Fanatix Main Mix)','00:07:27',542995542),(2646962642,'Heal My Heart (Fanatix Heal My Soul Mix)','00:07:27',542995542),(2646962652,'Heal My Heart (Fanatix DJ Tool)','00:05:54',542995542),(2646962662,'Heal My Heart (Dazzle Drums Remix)','00:08:07',542995542),(2646962672,'Heal My Heart (Drum Dub)','00:05:37',542995542),(2646962682,'Heal My Heart (Acappella)','00:03:43',542995542),(2650826672,'On My Way','00:03:21',544355262),(2650826692,'On My Way (Extended Mix)','00:06:06',544355262),(2655682942,'Bar A Thym (Extended Mix)','00:07:24',545748312),(2663483772,'nika.','00:03:04',548081232),(2663483782,'solemn.','00:03:07',548081232),(2663483792,'anxxiety.','00:03:01',548081232),(2663483802,'mina.','00:02:42',548081232),(2663483812,'ultima.','00:03:19',548081232),(2670296922,'So Let The Wind Come (Remix)','00:08:23',550275852),(2676866182,'EYE SKILS','00:02:04',552204972),(2692176362,'HEY!','00:02:08',556875692),(2692176372,'My Name Theos','00:03:19',556875692),(2692176382,'Interstate','00:03:16',556875692),(2692176392,'Lost In Space','00:04:07',556875692),(2692176402,'Forgive Me Love','00:02:15',556875692),(2692176412,'Make It Make Sense','00:02:27',556875692),(2692176422,'Different Place','00:02:37',556875692),(2692176432,'Bot Music Pt2 (LOOT)','00:02:07',556875692),(2692176442,'Trap Made','00:02:30',556875692),(2692176452,'Trap Made Pt2','00:02:48',556875692),(2692176462,'Worry Free','00:02:49',556875692),(2692176472,'Forgive Me Love Pt2','00:03:15',556875692),(2692176482,'Revalations','00:02:30',556875692),(2698462742,'T.M.P.','00:06:02',558742112),(2698462762,'Synergy','00:06:17',558742112),(2698462772,'Pumpin\'','00:05:34',558742112),(2698462782,'Sonar','00:05:44',558742112),(2698462792,'Neem De Tijd','00:04:12',558742112),(2701210182,'Let It (Give Me Back My Love)','00:05:53',559510022),(2782517712,'Desire','00:02:51',581675432),(2860642812,'DIT MOI','00:02:47',605748032),(2887979252,'What a Day (Edit)','00:04:19',614605212),(2915897791,'Good 4 U','00:03:29',621028731),(2970444271,'I Got That Feelin\' (Demuir\'s Playboi Edit)','00:07:08',636069841),(2970444291,'I Got That Feelin\' (Demuir\'s Playboi Dub Edit)','00:07:08',636069841),(2970444301,'I Got That Feelin\' (Demuir\'s Acoustic Mix)','00:07:08',636069841),(2970444331,'I Got That Feelin\' (Demuir\'s Acoustic Dub)','00:07:08',636069841),(2970444351,'I Got That Feelin\' (Kerri\'s Dub Re-Edit)','00:06:35',636069841),(2983535271,'this song reminds me of you','00:01:57',639784571),(2996921241,'15 Seconds of Fame (Edit)','00:03:41',643982321),(3028778451,'Won\'t Stop (Don\'t)','00:03:53',651588601),(3028778471,'What Are You Waiting For (Sunrise Mix)','00:03:52',651588611),(3028778481,'Tremont St.','00:03:50',651588611),(3028778491,'Lost in Paradise','00:03:38',651588611),(3035177691,'Caged Bird (Full Vocal Media Mix)','00:08:04',653580631),(3035177701,'Caged Bird (Atjazz Remix)','00:09:01',653580631),(3035177711,'Caged Bird (Atjazz Instrumental Remix)','00:09:01',653580631),(3035177721,'Caged Bird (Moplen Remix)','00:07:31',653580631),(3035272601,'VERITY','00:02:00',653610781),(3036985131,'Another Place','00:03:07',654103591),(3036985141,'Bringin\' It Back','00:03:48',654103591),(3036985151,'Check The R','00:03:42',654103591),(3036985161,'Break It Up','00:03:34',654103591),(3059307331,'Go','00:03:16',661190831),(3066169631,'She Wants Bass','00:03:31',663282931),(3066796311,'Caged Bird (Full Vocal Mix)','00:08:03',663461321),(3066796321,'Caged Bird (Feel Mix)','00:07:33',663461321),(3066796331,'Caged Bird (Vocal Dub Mix)','00:08:04',663461321),(3066796341,'Caged Bird (Instrumental)','00:08:04',663461321),(3097125051,'TRACK 2','00:02:36',671649791),(3097125061,'MONTANA','00:02:03',671649791),(3097125071,'CLOSE EYES','00:01:42',671649791),(3104878341,'Red Alert','00:03:23',673482651),(3104878351,'She Wants Bass','00:03:31',673482651),(3104878361,'Red Alert (Extended)','00:05:45',673482651),(3104878371,'She Wants Bass (Extended)','00:05:30',673482651),(3104878381,'I Can Fix','00:06:23',673482651),(3110925151,'Una Más','00:05:32',675159311),(3110925161,'Una Más (Kolter Remix)','00:06:18',675159311),(3110925171,'Una Más (Josh Butler Remix)','00:06:46',675159311),(3110925181,'Una Más (Ojala Remix)','00:05:52',675159311),(3127867291,'It\'s About Us','00:03:52',679865671),(3147925891,'Come On Back With Your Love (Sunrise Mix)','00:03:26',685448041),(3147925901,'Come On Back With Your Love (Sunset Mix)','00:02:55',685448041),(3156236411,'Set You Free (feat. Queen Rose)','00:03:34',687838221),(3156236421,'Fly Away (feat. Noa Milee)','00:03:30',687838221),(3156236501,'Set You Free','00:03:34',687838271),(3156236511,'Fly Away','00:03:30',687838271),(3156236521,'Set You Free (Extended Mix)','00:05:35',687838271),(3156236531,'Fly Away (Extended Mix)','00:05:30',687838271),(3198877601,'Downtown','00:06:36',701800001),(3202531391,'silent nights','00:02:32',702897921),(3209481901,'Only You','00:02:47',705342511),(3218169931,'Who You Talking To ? (Radio-Edit)','00:02:47',708190141),(3218169941,'Gangster Boogie (Radio-Edit)','00:03:22',708190141),(3218169951,'Wub Riddim (Radio-Edit)','00:03:26',708190141),(3218169961,'Lost in Emulation (Radio-Edit)','00:03:37',708190141),(3240736371,'Mountain River','00:07:14',715400731),(3253691991,'Euro Night','00:06:36',719561591),(3253692001,'Crashy','00:08:28',719561591),(3253692011,'Eternity','00:07:11',719561591),(3253692021,'Lion, Ne Kaufen','00:06:44',719561591),(3263866321,'Since I Met You','00:06:19',722619801),(3287691351,'Since I Met You ft Michael Watford','00:06:19',730556221),(3287691381,'Circles (Track 1) ft Natalia Kissoon','00:07:33',730556221),(3287691391,'Grandiose Garden','00:05:09',730556221),(3287691421,'The Dark One','00:07:52',730556221),(3287691441,'Track 1 (Remaster)','00:07:05',730556221),(3287721981,'feel the void','00:02:14',730565411),(3288887521,'All Across Nations (Edit)','00:04:07',730923961),(3291647781,'Yalla Habibi','00:03:55',731805741),(3347796401,'Insomnia','00:03:34',750272311),(3347796411,'Insomnia (Extended Mix)','00:05:30',750272311),(3356267931,'WOOP WOOP','00:02:50',753220921),(3356267941,'Let\'s Pardey','00:03:10',753220921),(3356267951,'I\'m Free Now','00:04:01',753220921),(3356267961,'Last One Standing','00:03:26',753220921),(3381778131,'escape','00:01:56',761605591),(3394560251,'Mommy What\'s a Record','00:07:44',765819311),(3398740461,'Sabar itu berat','00:03:50',767201621),(3405992021,'Sakura','00:06:24',769758471),(3405992031,'The Funktion','00:06:09',769758471),(3405992041,'Rendevouz','00:05:58',769758471),(3405992051,'Mindtrippin\'','00:06:07',769758471),(3405992061,'E-Motion','00:07:05',769758471),(3405992071,'Liquid Rocks','00:05:48',769758471),(3405992081,'A Love Letter...','00:05:14',769758471),(3405992091,'Da Resurrection','00:06:09',769758471),(3408328551,'Himothy Himmord Himerson','00:01:46',770507351),(3411264071,'Insomnia','00:03:34',771424681),(3411264081,'Lost In A Dream','00:03:17',771424681),(3411264091,'Body & Soul','00:02:32',771424681),(3411264101,'Stay Hungry','00:03:02',771424681),(3411264111,'Insomnia (Extended Mix)','00:05:30',771424681),(3411264121,'Lost In A Dream (Extended Mix)','00:06:02',771424681),(3411264131,'Body & Soul (Extended Mix)','00:05:16',771424681),(3411264141,'Stay Hungry (Extended Mix)','00:05:39',771424681),(3411264301,'Insomnia','00:03:34',771424731),(3411264311,'Lost In A Dream','00:03:17',771424731),(3411264321,'Body & Soul','00:02:32',771424731),(3411264331,'Stay Hungry','00:03:02',771424731),(3417820511,'Boba Fett','00:01:54',773604771),(3427612591,'Atmosphere (The Lost Dubs)','00:08:03',777145171),(3427633221,'Atmospheric Beats','00:07:47',777153171),(3427741451,'Rose From The Dead','00:02:48',777185161),(3427741461,'I R U N U R I','00:02:15',777185161),(3427741471,'Crybaby','00:03:05',777185161),(3427741481,'Did You Have A Bad Day?','00:02:43',777185161),(3427741491,'Never Give Up','00:03:11',777185161),(3427741501,'Microphone','00:03:23',777185161),(3427741511,'Be The Change','00:03:19',777185161),(3427741521,'Love Addict','00:01:56',777185161),(3427741531,'Better Off Alone','00:02:25',777185161),(3427741541,'Why Do I Care','00:02:40',777185161),(3427741551,'Is It Okay To Not Be Okay?','00:02:07',777185161),(3427741561,'Don’t Want Her Back','00:03:03',777185161),(3427741571,'Keep It Real','00:03:57',777185161),(3427741581,'Psych Ward','00:02:30',777185161),(3427741591,'Goodbye','00:02:30',777185161),(3440760411,'Wake Me Up (feat. El Rod)','00:02:41',781505461),(3440760431,'The One You Love','00:03:23',781505461),(3443976641,'You Are In My System (Philip George Remix)','00:03:16',782539271),(3450043381,'En caos y tormenta','00:06:14',784724971),(3451012271,'ascend','00:01:57',785070461),(3483167751,'Liquor Store','00:02:17',796184221),(3491398581,'Outlet','00:03:00',799193481),(3518028511,'Kita kenalan','00:02:58',808210931),(3536169981,'Circle Track Circus','00:02:24',814376951),(3536169991,'Payback Lap','00:01:46',814376951),(3536170001,'Three Ring Family','00:03:12',814376951),(3536170011,'Ain\'t About Fame','00:02:07',814376951),(3536170021,'Chasin\' That Flag','00:02:13',814376951),(3536170031,'Victory Lane','00:03:18',814376951),(3536170041,'Dirt Don\'t Lie','00:02:53',814376951),(3549617501,'Semalam kemana','00:02:48',819085181),(3552361061,'Caged Bird (Main Vocal Mix)','00:08:04',820042551),(3552361071,'Caged Bird (Main Instrumental Mix)','00:08:04',820042551),(3552361081,'Caged Bird (Kerri Chandler Remix)','00:08:02',820042551),(3552361091,'Caged Bird (Kerri Chandler Remix Instrumental)','00:08:02',820042551),(3555154761,'Can\'t Win \'Em All','00:02:42',821081201),(3555154771,'Dirt Track Fever','00:02:45',821081201),(3555154781,'Racin\' At The \'Plex','00:03:04',821081201),(3555154791,'Pit Lizard Love','00:02:13',821081201),(3555154801,'Checkers Or Wreckers','00:02:27',821081201),(3555154811,'Ringleader','00:02:14',821081201),(3555154821,'Dirt Gonna Fly','00:02:27',821081201),(3575315771,'Cosmic Rush (Original Mix)','00:05:05',828301921),(3575315781,'Crystal Skies (Original Mix)','00:01:57',828301921),(3575315791,'Digital Desire (Original Mix)','00:03:34',828301921),(3575315801,'Hidden Sparks (Original Mix)','00:03:22',828301921),(3575315811,'Magnetic Heat (Original Mix)','00:03:39',828301921),(3575315821,'Mirror Flame (Original Mix)','00:04:01',828301921),(3575315831,'Phoenix Glow (Original Mix)','00:04:45',828301921),(3575315841,'Pulse of Infinity (Original Mix)','00:03:29',828301921),(3575315851,'Silver Echo (Original Mix)','00:03:34',828301921),(3575315861,'Velvet Storm (Original Mix)','00:03:56',828301921),(3576577581,'Ingin hidup bahagia','00:03:11',828792261),(3577267161,'That Dirt Track Life','00:02:54',829086381),(3577267171,'Dirt Track Racin\'','00:02:25',829086381),(3577267181,'Prison Of The Grind','00:02:36',829086381),(3577267191,'Only Life I know','00:02:11',829086381),(3577267201,'Nothing Comes Easy','00:02:21',829086381),(3577267211,'Blindfolds On','00:03:33',829086381),(3577267221,'Part Of The Game','00:02:08',829086381),(3577267231,'Did It On My Own','00:02:45',829086381);
INSERT INTO `album` VALUES (90397,'Kerri Chandler\'s Nervous Tracks','2007-05-22','https://cdn-images.dzcdn.net/images/cover/766fb5f9ccc4380aef7478d5bc5d103e/500x500-000000-80-0-0.jpg'),(9306904,'Reality','2014-12-16','https://cdn-images.dzcdn.net/images/cover/ec15357c7527e06ef2e9cf75a1ff78b8/500x500-000000-80-0-0.jpg'),(9450650,'Let Me EP','2015-02-02','https://cdn-images.dzcdn.net/images/cover/f4c1ee7068af62454b0403ef0c7eb4cf/500x500-000000-80-0-0.jpg'),(9872184,'House Session 3 - Large Music','2009-11-30','https://cdn-images.dzcdn.net/images/cover/c36287ff5eb04083ad4afb24fcbc2b16/500x500-000000-80-0-0.jpg'),(10293240,'Feel So Real EP','2015-06-22','https://cdn-images.dzcdn.net/images/cover/08f6ba993b3166d81f62fcba532c50d4/500x500-000000-80-0-0.jpg'),(10578117,'Ain\'t Nobody: The Remixes','2015-06-08','https://cdn-images.dzcdn.net/images/cover/c846ff128068eec81cf98b34b7ee7a60/500x500-000000-80-0-0.jpg'),(10903540,'Certified EP','2015-07-27','https://cdn-images.dzcdn.net/images/cover/47fa6aedf70f7e03dc42088038871796/500x500-000000-80-0-0.jpg'),(11597894,'For The Music','2015-12-04','https://cdn-images.dzcdn.net/images/cover/5159ffebe9d68ee7e84203aed8dc3487/500x500-000000-80-0-0.jpg'),(13492697,'Kickass EP','2015-07-13','https://cdn-images.dzcdn.net/images/cover/da3960a7b1652e8b6efd029afe38ddb4/500x500-000000-80-0-0.jpg'),(13704830,'Phone Call EP','2016-09-05','https://cdn-images.dzcdn.net/images/cover/dd7ebcecc570f6808224a67e08e37417/500x500-000000-80-0-0.jpg'),(14741066,'What It Is EP','2016-12-30','https://cdn-images.dzcdn.net/images/cover/161dede802493e03cafb1fb974fe44af/500x500-000000-80-0-0.jpg'),(15472056,'Black Drums EP','2017-02-27','https://cdn-images.dzcdn.net/images/cover/9341d23dc46f14ebb720690e6b090ebd/500x500-000000-80-0-0.jpg'),(15686120,'Stereotypes','2017-03-20','https://cdn-images.dzcdn.net/images/cover/532a3bcb23dfa234504eaecb449c2283/500x500-000000-80-0-0.jpg'),(40134511,'I Need You EP','2017-06-26','https://cdn-images.dzcdn.net/images/cover/902d63020b5d1726076e8f3036bf472a/500x500-000000-80-0-0.jpg'),(51168892,'Street Games EP','2017-12-11','https://cdn-images.dzcdn.net/images/cover/8d0197bf48df36c5bc9c0574860a9a84/500x500-000000-80-0-0.jpg'),(57609692,'Rain (Dense & Pika Remix)','2018-03-02','https://cdn-images.dzcdn.net/images/cover/4a81bc1807e379b3d60cb08c4048908d/500x500-000000-80-0-0.jpg'),(62482862,'Ladies Night EP','2017-03-03','https://cdn-images.dzcdn.net/images/cover/05970fa95c8c98fb376dab7545bd5e8f/500x500-000000-80-0-0.jpg'),(62551572,'Boogie Trippin EP','2018-06-08','https://cdn-images.dzcdn.net/images/cover/2539f0bbab7ca37d055e09e5ac0a68ab/500x500-000000-80-0-0.jpg'),(65145352,'House Classics V (Presented by Harley & Muscle)','2015-03-20','https://cdn-images.dzcdn.net/images/cover/8776ef3d8de1b1a4f7c996cb0299ddf7/500x500-000000-80-0-0.jpg'),(78526252,'Possitive Mind EP','2018-11-19','https://cdn-images.dzcdn.net/images/cover/35a3360f22787d1ca000bac9ba113085/500x500-000000-80-0-0.jpg'),(102094052,'Turn Off The Lights (Who\'s Afraid Of The Dark) Remixes','2016-09-05','https://cdn-images.dzcdn.net/images/cover/452422ad5d8c18a5144509b48baa00d1/500x500-000000-80-0-0.jpg'),(102094252,'Six Pianos 2017','2017-07-31','https://cdn-images.dzcdn.net/images/cover/b2d5dc3d79efbd9458a085525c578d7c/500x500-000000-80-0-0.jpg'),(108761332,'Extension Of The Mind EP','2019-09-02','https://cdn-images.dzcdn.net/images/cover/395b17b768a8905b8fcd6712e13f2055/500x500-000000-80-0-0.jpg'),(110449612,'Electro City Moving EP','2019-09-16','https://cdn-images.dzcdn.net/images/cover/9872d2faf1f1d7362a202858f68ff75b/500x500-000000-80-0-0.jpg'),(110692282,'Chaos On MTV EP','2019-09-23','https://cdn-images.dzcdn.net/images/cover/d21bea25a2f387036de92dbb4e6c5093/500x500-000000-80-0-0.jpg'),(111583262,'Canceled On Request','2019-10-28','https://cdn-images.dzcdn.net/images/cover/959de370b60a98a3cfff719f431ec93c/500x500-000000-80-0-0.jpg'),(117489472,'Illusion','2019-11-03','https://cdn-images.dzcdn.net/images/cover/e672028df7642c3a6912d2a610e0fdcf/500x500-000000-80-0-0.jpg'),(122799672,'Second Chapter EP','2019-12-12','https://cdn-images.dzcdn.net/images/cover/f764ddb7b7e7ef4f9c74a54009ff1b11/500x500-000000-80-0-0.jpg'),(128617792,'Ride On EP & Mancini Remix','2020-02-24','https://cdn-images.dzcdn.net/images/cover/dca821b91e2ab672b95c9c992cc47bf8/500x500-000000-80-0-0.jpg'),(141066032,'House Feeling','2020-04-28','https://cdn-images.dzcdn.net/images/cover/f958292c3fc9c97dc519736800ad0f1a/500x500-000000-80-0-0.jpg'),(143735672,'Hooked',NULL,'https://cdn-images.dzcdn.net/images/cover/ad2526990ffa166fd28225db55d4645a/500x500-000000-80-0-0.jpg'),(153312392,'KOLTERCAMP, Vol. I',NULL,'https://cdn-images.dzcdn.net/images/cover/f074fdbb79a79af67d7f7d3d9c185c64/500x500-000000-80-0-0.jpg'),(156262932,'Deezer DJ Mix','2020-06-26','https://cdn-images.dzcdn.net/images/cover/ecf0fa0c8f792d6167c4b85af94bbfd3/500x500-000000-80-0-0.jpg'),(161388552,'Overflow',NULL,'https://cdn-images.dzcdn.net/images/cover/8a288af78671b99065ad23ea68a66a1e/500x500-000000-80-0-0.jpg'),(163372612,'KOLTERCAMP Vol. III',NULL,'https://cdn-images.dzcdn.net/images/cover/616e48a4842053fe70c3b93d3051a877/500x500-000000-80-0-0.jpg'),(164708402,'Close Call','2019-04-05','https://cdn-images.dzcdn.net/images/cover/15ab9514f094aaab3c109a04312c46cc/500x500-000000-80-0-0.jpg'),(164711012,'Close Call','2019-04-05','https://cdn-images.dzcdn.net/images/cover/15ab9514f094aaab3c109a04312c46cc/500x500-000000-80-0-0.jpg'),(175145502,'Lesson 1 EP','2020-10-23','https://cdn-images.dzcdn.net/images/cover/ba1e4bf6b64b20a2512537bdb2095a9f/500x500-000000-80-0-0.jpg'),(176692662,'Floating Point','2018-04-02','https://cdn-images.dzcdn.net/images/cover/27ac83224b5d4360719c1d008f429ea8/500x500-000000-80-0-0.jpg'),(187965362,'Let Me Breathe','2020-12-21','https://cdn-images.dzcdn.net/images/cover/0621f8e4a1bb0ed2d57557dbacaed00e/500x500-000000-80-0-0.jpg'),(193772012,'Fantasy','2020-12-30','https://cdn-images.dzcdn.net/images/cover/4f933f2236538f4517de39263f0c0094/500x500-000000-80-0-0.jpg'),(194246412,'Between Fragments','2021-01-11','https://cdn-images.dzcdn.net/images/cover/5b3976ffde71c194ac0fb83b92fcd596/500x500-000000-80-0-0.jpg'),(195375762,'Spacefunk','2021-01-29','https://cdn-images.dzcdn.net/images/cover/1241ef663a75810094a2ce55098905f7/500x500-000000-80-0-0.jpg'),(196165232,'Deep In Space','2021-01-15','https://cdn-images.dzcdn.net/images/cover/694494be33e8b98aee577fc309e05c03/500x500-000000-80-0-0.jpg'),(197836242,'Ventura',NULL,'https://cdn-images.dzcdn.net/images/cover/611468a3f16d4d498cba690de9ae9746/500x500-000000-80-0-0.jpg'),(197868612,'Ventura','2021-04-23','https://cdn-images.dzcdn.net/images/cover/b397f55b5f76251a6c391354ec03f359/500x500-000000-80-0-0.jpg'),(199007422,'Take A Leap Of Faith','2021-01-25','https://cdn-images.dzcdn.net/images/cover/79582f2377dd3af6fbb6b4208b6d04ed/500x500-000000-80-0-0.jpg'),(215210272,'We Miss the Crowd','2021-06-04','https://cdn-images.dzcdn.net/images/cover/3b50eb85d3e36654529d7171d2dfc81a/500x500-000000-80-0-0.jpg'),(215210312,'Lie Machine','2021-04-16','https://cdn-images.dzcdn.net/images/cover/d5109dbfe981b03c19f5f4125159bae7/500x500-000000-80-0-0.jpg'),(221700932,'Get Together','2021-06-04','https://cdn-images.dzcdn.net/images/cover/403fd97bde18c15e057a86d1660db436/500x500-000000-80-0-0.jpg'),(235687822,'Honeymoon','2021-06-16','https://cdn-images.dzcdn.net/images/cover/2892957aa49ed6928e97f4c47a1d59c8/500x500-000000-80-0-0.jpg'),(248286722,'Prayer','2021-08-20','https://cdn-images.dzcdn.net/images/cover/0aec77c74e7e1adb0ea0ee8d70272889/500x500-000000-80-0-0.jpg'),(264110612,'Brothers & Sisters','2021-10-15','https://cdn-images.dzcdn.net/images/cover/396c22b597348a5bb43517eb61333668/500x500-000000-80-0-0.jpg'),(266981152,'Turn Up Marty','2022-01-21','https://cdn-images.dzcdn.net/images/cover/3abe5d581231d7c7c6ba81625f854a5e/500x500-000000-80-0-0.jpg'),(275461722,'Language of Jazz EP','2021-12-17','https://cdn-images.dzcdn.net/images/cover/715bc79ce14cc0d50f082056a5b43294/500x500-000000-80-0-0.jpg'),(277139712,'KOLTERCAMP, Vol. IV',NULL,'https://cdn-images.dzcdn.net/images/cover/260fa41f54a61e21ae8f2b04a74f2fff/500x500-000000-80-0-0.jpg'),(286527442,'Rapture EP','2022-02-04','https://cdn-images.dzcdn.net/images/cover/d27a2e658740adb24c888865a30b189b/500x500-000000-80-0-0.jpg'),(287738192,'Feel The Music',NULL,'https://cdn-images.dzcdn.net/images/cover/3c8cc74735ae5987c7b692639665ac17/500x500-000000-80-0-0.jpg'),(294003952,'Me & You','2022-04-01','https://cdn-images.dzcdn.net/images/cover/21fbb4657c2350c681093a1c531bb598/500x500-000000-80-0-0.jpg'),(298097512,'Mysteries of the Universe','2022-06-03','https://cdn-images.dzcdn.net/images/cover/26484d236a65f016c0defa4720c4b214/500x500-000000-80-0-0.jpg'),(308796457,'Spaces and Places Album Sampler 1','2022-05-06','https://cdn-images.dzcdn.net/images/cover/d0cff4927d1280e9607add2fcfdae34e/500x500-000000-80-0-0.jpg'),(317452567,'Change Your Mind [District 8]','2022-05-27','https://cdn-images.dzcdn.net/images/cover/4b0b44f55010787adc6bbc435a703b93/500x500-000000-80-0-0.jpg'),(317811217,'Spaces and Places Album Sampler 2','2022-06-10','https://cdn-images.dzcdn.net/images/cover/4b0b44f55010787adc6bbc435a703b93/500x500-000000-80-0-0.jpg'),(318044377,'Mirage','2022-06-24','https://cdn-images.dzcdn.net/images/cover/86f1e92f3c8b8b40999b28b806814dc2/500x500-000000-80-0-0.jpg'),(329457017,'Between Fragments','2022-07-22','https://cdn-images.dzcdn.net/images/cover/2f35853c1fbf889bd50284243717ca49/500x500-000000-80-0-0.jpg'),(337001457,'Spaces and Places Album Sampler 3','2022-07-29','https://cdn-images.dzcdn.net/images/cover/4e8cd3e38a9fde0af076f582725585dc/500x500-000000-80-0-0.jpg'),(339374497,'Angels Die Of XTC','2022-10-28','https://cdn-images.dzcdn.net/images/cover/af202cc0340767c36ea2de63d78ef5ba/500x500-000000-80-0-0.jpg'),(345657867,'Spaces and Places Album Sampler 4','2022-09-09','https://cdn-images.dzcdn.net/images/cover/56bfb0a7c3829b6a870e5639e6755473/500x500-000000-80-0-0.jpg'),(352689077,'Spaces and Places','2022-09-26','https://cdn-images.dzcdn.net/images/cover/fcf54c5fa722a754ef50f3982ee859ec/500x500-000000-80-0-0.jpg'),(353773487,'Rendez Vous EP','2022-09-29','https://cdn-images.dzcdn.net/images/cover/3faee750f52c96f4d7d3747827200f0e/500x500-000000-80-0-0.jpg'),(361594217,'Bad Boy from the Milkyway','2022-10-17','https://cdn-images.dzcdn.net/images/cover/05c2bb770ccfd5edad580ab5f9a6e139/500x500-000000-80-0-0.jpg'),(378040217,'Elements : Lola Palmer','2022-12-16','https://cdn-images.dzcdn.net/images/cover/4bb31c24e84b88671e8d88d835e3f5d2/500x500-000000-80-0-0.jpg'),(397102967,'Endless Explorations, Pt. 3','2023-02-24','https://cdn-images.dzcdn.net/images/cover/5f3359c02823dbc52fcf87cee8563561/500x500-000000-80-0-0.jpg'),(412232537,'Sense of Future','2023-08-11','https://cdn-images.dzcdn.net/images/cover/299d36c22e0ca3207ea1ab23115bca01/500x500-000000-80-0-0.jpg'),(414109287,'NMW','2023-05-05','https://cdn-images.dzcdn.net/images/cover/d6640e11527abd8d06e367c9a1a14be9/500x500-000000-80-0-0.jpg'),(417859337,'Bust a Beat',NULL,'https://cdn-images.dzcdn.net/images/cover/2def4c60993c54341b68951075c3a752/500x500-000000-80-0-0.jpg'),(419521577,'Elements : Traumer','2023-04-14','https://cdn-images.dzcdn.net/images/cover/0535778539453c0dec878be5e92f1465/500x500-000000-80-0-0.jpg'),(443485285,'All Night Long','2023-05-26','https://cdn-images.dzcdn.net/images/cover/74968aac2b6342e00228d05c58938a52/500x500-000000-80-0-0.jpg'),(450140335,'Bonzai','2023-07-12','https://cdn-images.dzcdn.net/images/cover/b7992a0b87bdd7e5b02d49a4c3791aac/500x500-000000-80-0-0.jpg'),(461720785,'The Rise','2023-07-21','https://cdn-images.dzcdn.net/images/cover/23aa02f81f7196396a73b9d8494e9718/500x500-000000-80-0-0.jpg'),(465945265,'Finger Printz EP','1995-03-06','https://cdn-images.dzcdn.net/images/cover/6050746b77073b874b779a4688df403d/500x500-000000-80-0-0.jpg'),(465945445,'Remastered','2017-11-24','https://cdn-images.dzcdn.net/images/cover/e76fe047741a3a8fd84d3562a1c37076/500x500-000000-80-0-0.jpg'),(465945475,'The Way It Goes (Track 1) (Chris Stussy Remix)','2020-06-19','https://cdn-images.dzcdn.net/images/cover/97512382da18a6ce95ecddbea4fda7ae/500x500-000000-80-0-0.jpg'),(465945775,'Crate Digging','2018-09-07','https://cdn-images.dzcdn.net/images/cover/5624abf012a52a2909c9ef0ffaa7be28/500x500-000000-80-0-0.jpg'),(466788195,'Radio Los Santos','2023-08-04','https://cdn-images.dzcdn.net/images/cover/0046422a294fccaa55256d536f78aa96/500x500-000000-80-0-0.jpg'),(470630925,'Bar A Thym','2023-08-18','https://cdn-images.dzcdn.net/images/cover/d1cb4ed40511a26f940d68a353a593ff/500x500-000000-80-0-0.jpg'),(479780825,'You Are In My System','2023-09-15','https://cdn-images.dzcdn.net/images/cover/a59d0112f677bd113b343796e3f4c66b/500x500-000000-80-0-0.jpg'),(482631665,'Pushin\' EP','2023-09-25','https://cdn-images.dzcdn.net/images/cover/1a2707ba9f84e707934dec27dfb86238/500x500-000000-80-0-0.jpg'),(484387245,'You Are In My System (Faster Horses Sport Mix)','2023-10-06','https://cdn-images.dzcdn.net/images/cover/3450f39c29f76c401456a47e12bb1fb3/500x500-000000-80-0-0.jpg'),(485373305,'Midtown Playground','2023-09-15','https://cdn-images.dzcdn.net/images/cover/3f47d98228b55835a6b5c673d06d3708/500x500-000000-80-0-0.jpg'),(486048505,'Midtown Playground EP','2023-10-06','https://cdn-images.dzcdn.net/images/cover/a8a39628c8c5a489e9cc59f338fdd9ff/500x500-000000-80-0-0.jpg'),(493890821,'DX7 Together',NULL,'https://cdn-images.dzcdn.net/images/cover/5f7910e57533e77a58c351785dfb485b/500x500-000000-80-0-0.jpg'),(499519641,'Wanna Dance EP','2017-01-13','https://cdn-images.dzcdn.net/images/cover/eb5c6965a144bf44859ae6c465c50798/500x500-000000-80-0-0.jpg'),(499519821,'PIV ADE SAMPLER 2019',NULL,'https://cdn-images.dzcdn.net/images/cover/7a61da002f67adaf9c186ef946a79819/500x500-000000-80-0-0.jpg'),(499520011,'Washed Away EP','2019-12-02','https://cdn-images.dzcdn.net/images/cover/049ec43061d75c01ec105c92b2b0a1c8/500x500-000000-80-0-0.jpg'),(504321061,'Across Ocean','2020-10-12','https://cdn-images.dzcdn.net/images/cover/277827444a126b8e6c888e8eb4522c7b/500x500-000000-80-0-0.jpg'),(509868571,'Alchemic Warehouse','2017-12-08','https://cdn-images.dzcdn.net/images/cover/74354cdb9765b7eb2d87cb3662e41292/500x500-000000-80-0-0.jpg'),(513509112,'Break The Roof EP','2023-12-08','https://cdn-images.dzcdn.net/images/cover/3b81309360205b2f9286be596614a151/500x500-000000-80-0-0.jpg'),(525630692,'It\'s That Time (Kolter Remix)',NULL,'https://cdn-images.dzcdn.net/images/cover/4490da932659a20c52e5474a9ef4fa34/500x500-000000-80-0-0.jpg'),(533743762,'That Was Fresh - EP','2024-04-05','https://cdn-images.dzcdn.net/images/cover/8f1261746510d529995098140316146d/500x500-000000-80-0-0.jpg'),(536013982,'Koltercamp : Best Bits',NULL,'https://cdn-images.dzcdn.net/images/cover/a3e77a7f92530a79d30f7fd741fc3b18/500x500-000000-80-0-0.jpg'),(542536272,'Hallelujah','2022-12-02','https://cdn-images.dzcdn.net/images/cover/92f4ce6b32ee4b4a064d5c044ff2fa6a/500x500-000000-80-0-0.jpg'),(542893742,'Coro','2018-03-30','https://cdn-images.dzcdn.net/images/cover/f1ba2a5fbc9a82edbb4c6fdf25a37048/500x500-000000-80-0-0.jpg'),(542995542,'Heal My Heart','2020-08-21','https://cdn-images.dzcdn.net/images/cover/9fe4484df5359fea7e71f8516eb55bf1/500x500-000000-80-0-0.jpg'),(544355262,'On My Way','2019-10-25','https://cdn-images.dzcdn.net/images/cover/8cf618b811f88619ae4a57c3016c15ad/500x500-000000-80-0-0.jpg'),(545748312,'Bar A Thym / Sunshine & Twilight','2005-05-16','https://cdn-images.dzcdn.net/images/cover/392323889fbb0b9e1ef6015b1b01b3e0/500x500-000000-80-0-0.jpg'),(548081232,'EVOLVE','2017-08-30','https://cdn-images.dzcdn.net/images/cover/48eebc78349ae5aa4f1d47097211f14f/500x500-000000-80-0-0.jpg'),(550275852,'So Let The Wind Come','2006-01-23','https://cdn-images.dzcdn.net/images/cover/b80c64e223c8d1030246dd951c16eab5/500x500-000000-80-0-0.jpg'),(552204972,'EYE SKILS','2024-02-24','https://cdn-images.dzcdn.net/images/cover/1cbeec2031c20bf904757083e2e0f57c/500x500-000000-80-0-0.jpg'),(556875692,'Rose From The Ashes','2024-03-08','https://cdn-images.dzcdn.net/images/cover/7ddf09c5e499dd2a5020bd53f119bd0f/500x500-000000-80-0-0.jpg'),(558742112,'Synergy',NULL,'https://cdn-images.dzcdn.net/images/cover/82acbc07bfa779f8f8ce65f0dea2bf8e/500x500-000000-80-0-0.jpg'),(559510022,'Lost & Found, Vol. 3','2024-04-12','https://cdn-images.dzcdn.net/images/cover/82a3bea8f449cd8a05c419bc1d7d45c7/500x500-000000-80-0-0.jpg'),(581675432,'Desire','2024-02-09','https://cdn-images.dzcdn.net/images/cover/0ddffd03d256c3c79a61fb4beb605532/500x500-000000-80-0-0.jpg'),(605748032,'DIT MOI','2024-06-27','https://cdn-images.dzcdn.net/images/cover/5707cd28bfe16005dc6a95a0ee3ee636/500x500-000000-80-0-0.jpg'),(614605212,'What a Day (Edit)',NULL,'https://cdn-images.dzcdn.net/images/cover/342c365bd58c2127cd8607a1198e6ef4/500x500-000000-80-0-0.jpg'),(621028731,'Good 4 U',NULL,'https://cdn-images.dzcdn.net/images/cover/2f149a0596642a5cfe143a7c6304e972/500x500-000000-80-0-0.jpg'),(636069841,'I Got That Feelin\' (Demuir & Kerri Chandler Edits)','2024-09-27','https://cdn-images.dzcdn.net/images/cover/99fe440052d1e3a1238a9e3bebcacbb3/500x500-000000-80-0-0.jpg'),(639784571,'this song reminds me of you','2024-09-10','https://cdn-images.dzcdn.net/images/cover/a66e2e6709319d07051f30bc82df99d2/500x500-000000-80-0-0.jpg'),(643982321,'15 Seconds of Fame (Edit)','2024-10-11','https://cdn-images.dzcdn.net/images/cover/7ff1e250a2ff29621a7ab2e09311b079/500x500-000000-80-0-0.jpg'),(651588601,'Won\'t Stop (Don\'t)','2024-11-22','https://cdn-images.dzcdn.net/images/cover/e46352095719184a6a740c22c1e60ab2/500x500-000000-80-0-0.jpg'),(651588611,'Won\'t Stop (Don\'t) - EP','2024-12-13','https://cdn-images.dzcdn.net/images/cover/e46352095719184a6a740c22c1e60ab2/500x500-000000-80-0-0.jpg'),(653580631,'Caged Bird','2024-10-11','https://cdn-images.dzcdn.net/images/cover/3432d5d2f3deff2ee4f5dc8978e257fe/500x500-000000-80-0-0.jpg'),(653610781,'VERITY','2024-11-01','https://cdn-images.dzcdn.net/images/cover/0c3c58647e3979d9d1667245c542215c/500x500-000000-80-0-0.jpg'),(654103591,'House Legacy EP','2024-11-08','https://cdn-images.dzcdn.net/images/cover/10302f3aef0f5a7d7fc2882075d1281f/500x500-000000-80-0-0.jpg'),(661190831,'Go','2024-11-01','https://cdn-images.dzcdn.net/images/cover/75fa794b50f45f08db4a16cc7f3a196f/500x500-000000-80-0-0.jpg'),(663282931,'Red Alert','2024-11-22','https://cdn-images.dzcdn.net/images/cover/756bb721ef637437b17de14b4c934056/500x500-000000-80-0-0.jpg'),(663461321,'Caged Bird','2024-11-22','https://cdn-images.dzcdn.net/images/cover/3432d5d2f3deff2ee4f5dc8978e257fe/500x500-000000-80-0-0.jpg'),(671649791,'EFFET AMARA','2024-12-06','https://cdn-images.dzcdn.net/images/cover/0199d19a9d87dc3e38cdc8cba91d8c40/500x500-000000-80-0-0.jpg'),(673482651,'Red Alert','2024-12-13','https://cdn-images.dzcdn.net/images/cover/756bb721ef637437b17de14b4c934056/500x500-000000-80-0-0.jpg'),(675159311,'Una Más','2024-12-20','https://cdn-images.dzcdn.net/images/cover/555367a180548ed2b637cedf2744a9f9/500x500-000000-80-0-0.jpg'),(679865671,'It\'s About Us','2025-01-31','https://cdn-images.dzcdn.net/images/cover/5e82552c291a67a47c4c4e684e475eed/500x500-000000-80-0-0.jpg'),(685448041,'Come On Back With Your Love','2025-01-17','https://cdn-images.dzcdn.net/images/cover/ce54c3ebec06e9f90aecb20c3c342e17/500x500-000000-80-0-0.jpg'),(687838221,'RAW EP','2023-10-13','https://cdn-images.dzcdn.net/images/cover/fa82ed27f618c48741cc4653f33b0186/500x500-000000-80-0-0.jpg'),(687838271,'RAW EP','2023-10-27','https://cdn-images.dzcdn.net/images/cover/11950e977ebf50ce61c4d60a33cf0e86/500x500-000000-80-0-0.jpg'),(701800001,'Downtown EP','2025-02-07','https://cdn-images.dzcdn.net/images/cover/75b1aceb64f0bfa89dbf7cee92997edc/500x500-000000-80-0-0.jpg'),(702897921,'silent nights','2025-04-18','https://cdn-images.dzcdn.net/images/cover/631d6487be567b5ea0da45b08cd64143/500x500-000000-80-0-0.jpg'),(705342511,'Only You','2025-02-21','https://cdn-images.dzcdn.net/images/cover/88971a217f7485330a1d982586e411f4/500x500-000000-80-0-0.jpg'),(708190141,'Who You Talking To ?','2025-02-28','https://cdn-images.dzcdn.net/images/cover/fc11cf93f775e659528a74d7666e5ef3/500x500-000000-80-0-0.jpg'),(715400731,'What U Do EP','2019-07-05','https://cdn-images.dzcdn.net/images/cover/33572a8e4dcc7a90af602b652c487e60/500x500-000000-80-0-0.jpg'),(719561591,'MINDHELMET 14','2025-03-13','https://cdn-images.dzcdn.net/images/cover/b4b10b3dcdb7df4498ab16e660db3ce0/500x500-000000-80-0-0.jpg'),(722619801,'Since I Met You','2025-04-04','https://cdn-images.dzcdn.net/images/cover/ff7def761ec2195a7fcd20a4aa466e8c/500x500-000000-80-0-0.jpg'),(730556221,'Lost & Found EP, Vol. 4','2025-04-18','https://cdn-images.dzcdn.net/images/cover/ff7def761ec2195a7fcd20a4aa466e8c/500x500-000000-80-0-0.jpg'),(730565411,'feel the void','2025-05-02','https://cdn-images.dzcdn.net/images/cover/381d8b6072435e115d619f83faf228c6/500x500-000000-80-0-0.jpg'),(730923961,'All Across Nations (Edit)','2025-03-28','https://cdn-images.dzcdn.net/images/cover/a3fb807103551ec9e8d918b24818754c/500x500-000000-80-0-0.jpg'),(731805741,'Yalla Habibi',NULL,'https://cdn-images.dzcdn.net/images/cover/4ed01dfc0ff4571516ec402a2cb6966b/500x500-000000-80-0-0.jpg'),(750272311,'Insomnia','2025-05-23','https://cdn-images.dzcdn.net/images/cover/cbf62d65ceb3c26e956e713c0c8459d0/500x500-000000-80-0-0.jpg'),(753220921,'Let\'s Pardey EP','2025-05-30','https://cdn-images.dzcdn.net/images/cover/fb4a08bcc3fa7c97c7f11937d4fec0a1/500x500-000000-80-0-0.jpg'),(761605591,'escape','2025-06-01','https://cdn-images.dzcdn.net/images/cover/d0414ce710a509b7461cbf6b3830f325/500x500-000000-80-0-0.jpg'),(765819311,'Mommy What\'s a Record','2017-10-26','https://cdn-images.dzcdn.net/images/cover/c3185cdb0948fbc0268f7cf78d1053b6/500x500-000000-80-0-0.jpg'),(767201621,'Sabar itu berat','2025-06-11','https://cdn-images.dzcdn.net/images/cover/adbfda3a3d5c77d57668decaa5c9fa29/500x500-000000-80-0-0.jpg'),(769758471,'Sakura',NULL,'https://cdn-images.dzcdn.net/images/cover/a19691d854608dcb3af1adf1dbf72e95/500x500-000000-80-0-0.jpg'),(770507351,'Himothy Himmord Himerson','2025-06-14','https://cdn-images.dzcdn.net/images/cover/5d9e02f5bd92b8702caa8a9d6b162f76/500x500-000000-80-0-0.jpg'),(771424681,'Insomnia','2025-06-20','https://cdn-images.dzcdn.net/images/cover/43a5d7177d81327cbeb29f8c35d31fd6/500x500-000000-80-0-0.jpg'),(771424731,'Insomnia','2025-06-20','https://cdn-images.dzcdn.net/images/cover/43a5d7177d81327cbeb29f8c35d31fd6/500x500-000000-80-0-0.jpg'),(773604771,'Boba Fett','2025-06-21','https://cdn-images.dzcdn.net/images/cover/20acb1f96d213e9be8d40e399fbdc504/500x500-000000-80-0-0.jpg'),(777145171,'Atmosphere (The Lost Dubs)','2017-08-14','https://cdn-images.dzcdn.net/images/cover/fbc3af03e51852aaaaf68ca7b8449a8d/500x500-000000-80-0-0.jpg'),(777153171,'Atmospheric Beats','2017-08-14','https://cdn-images.dzcdn.net/images/cover/c3185cdb0948fbc0268f7cf78d1053b6/500x500-000000-80-0-0.jpg'),(777185161,'Rose From The Dead','2025-07-23','https://cdn-images.dzcdn.net/images/cover/e7240bdb47f7acb9c3e36f245c3314ab/500x500-000000-80-0-0.jpg'),(781505461,'Wake Me Up (feat. El Rod)','2025-08-01','https://cdn-images.dzcdn.net/images/cover/39c91daa2ea6b4531edb5bac8cc1dca6/500x500-000000-80-0-0.jpg'),(782539271,'You Are In My System (Philip George Remix)','2025-08-01','https://cdn-images.dzcdn.net/images/cover/2176fea3e0bd4632e7ae8dff3a30d379/500x500-000000-80-0-0.jpg'),(784724971,'En caos y tormenta','2025-07-16','https://cdn-images.dzcdn.net/images/cover/99434dc6e138ed758331b2a4d5844217/500x500-000000-80-0-0.jpg'),(785070461,'ascend','2025-07-15','https://cdn-images.dzcdn.net/images/cover/1ed0923e078e79d864ae1d212f24a6f0/500x500-000000-80-0-0.jpg'),(796184221,'Liquor Store',NULL,'https://cdn-images.dzcdn.net/images/cover/52ecab17faed969cd213247d2286c2e5/500x500-000000-80-0-0.jpg'),(799193481,'Outlet','2025-08-07','https://cdn-images.dzcdn.net/images/cover/d3aedc75b76d54f5ad3911e07982cb0f/500x500-000000-80-0-0.jpg'),(808210931,'Kita kenalan','2025-08-14','https://cdn-images.dzcdn.net/images/cover/7d1fb81304ae0005b937f20e88ea29d5/500x500-000000-80-0-0.jpg'),(814376951,'Circle Track Circus','2025-09-01','https://cdn-images.dzcdn.net/images/cover/613fe8ecac33bdba1f03ae8636cd3810/500x500-000000-80-0-0.jpg'),(819085181,'Semalam kemana','2025-09-13','https://cdn-images.dzcdn.net/images/cover/f51f73887ee627a6014fd3d48fdd7e5a/500x500-000000-80-0-0.jpg'),(820042551,'Caged Bird','2025-10-03','https://cdn-images.dzcdn.net/images/cover/cd9814a2562f6ad2a9246c0c023b4401/500x500-000000-80-0-0.jpg'),(821081201,'Can\'t Win \'Em All','2025-09-13','https://cdn-images.dzcdn.net/images/cover/aeca4f2a106fcd82e5e77eb74c5c1b79/500x500-000000-80-0-0.jpg'),(828301921,'Pulse of Infinity (Original Mix)','2025-09-27','https://cdn-images.dzcdn.net/images/cover/9b94c55b0ebd4734bc6f24e27e1cdbe1/500x500-000000-80-0-0.jpg'),(828792261,'Ingin hidup bahagia','2025-09-21','https://cdn-images.dzcdn.net/images/cover/6fae6f1c35db9cd3cca8669f4660dfb3/500x500-000000-80-0-0.jpg'),(829086381,'Pay Dirt','2025-09-28','https://cdn-images.dzcdn.net/images/cover/8ec900b08f23f50f69d39072cea66940/500x500-000000-80-0-0.jpg');
INSERT INTO `album_genere` VALUES (10578117,106),(10903540,106),(13492697,106),(13704830,106),(14741066,106),(15472056,106),(15686120,106),(40134511,106),(51168892,106),(62551572,106),(102094052,106),(102094252,106),(108761332,106),(110449612,106),(110692282,106),(111583262,106),(117489472,106),(122799672,106),(128617792,106),(143735672,106),(156262932,106),(164708402,106),(164711012,106),(175145502,106),(176692662,106),(187965362,106),(194246412,106),(197868612,106),(215210272,106),(221700932,106),(248286722,106),(266981152,106),(275461722,106),(286527442,106),(294003952,106),(298097512,106),(317811217,106),(318044377,106),(337001457,106),(339374497,106),(345657867,106),(352689077,106),(353773487,106),(361594217,106),(378040217,106),(397102967,106),(412232537,106),(414109287,106),(419521577,106),(443485285,106),(461720785,106),(465945475,106),(465945775,106),(470630925,106),(482631665,106),(485373305,106),(486048505,106),(499520011,106),(504321061,106),(509868571,106),(513509112,106),(533743762,106),(536013982,106),(542536272,106),(542893742,106),(542995542,106),(548081232,106),(558742112,106),(636069841,106),(653580631,106),(654103591,106),(661190831,106),(663461321,106),(673482651,106),(675159311,106),(687838221,106),(687838271,106),(708190141,106),(730556221,106),(730565411,106),(750272311,106),(753220921,106),(761605591,106),(769758471,106),(771424681,106),(771424731,106),(781505461,106),(785070461,106),(820042551,106),(828301921,106),(10578117,111),(10903540,111),(15472056,111),(51168892,111),(62551572,111),(102094052,111),(108761332,111),(110449612,111),(122799672,111),(128617792,111),(143735672,111),(156262932,111),(175145502,111),(187965362,111),(197868612,111),(215210272,111),(221700932,111),(248286722,111),(266981152,111),(275461722,111),(286527442,111),(294003952,111),(298097512,111),(317811217,111),(318044377,111),(337001457,111),(339374497,111),(345657867,111),(352689077,111),(353773487,111),(414109287,111),(461720785,111),(465945775,111),(470630925,111),(486048505,111),(499520011,111),(504321061,111),(513509112,111),(542536272,111),(542893742,111),(542995542,111),(636069841,111),(653580631,111),(654103591,111),(663461321,111),(687838221,111),(687838271,111),(730556221,111),(750272311,111),(753220921,111),(771424681,111),(771424731,111),(781505461,111),(820042551,111),(9450650,113),(10293240,113),(13704830,113),(51168892,113),(221700932,113),(298097512,113),(318044377,113),(339374497,113),(412232537,113),(470630925,113),(533743762,113),(542536272,113),(542893742,113),(542995542,113),(558742112,113),(581675432,113),(661190831,113),(687838221,113),(687838271,113),(719561591,113),(730565411,113),(750272311,113),(769758471,113),(771424681,113),(771424731,113),(828301921,113),(552204972,116),(556875692,116),(605748032,116),(653610781,116),(671649791,116),(770507351,116),(773604771,116),(777185161,116),(799193481,116),(814376951,116),(821081201,116),(829086381,116),(767201621,132),(784724971,464);
INSERT INTO `artista` VALUES (359,'Nate Dogg','https://cdn-images.dzcdn.net/images/artist/35e509e5a4a385f58936fb388f108ee8/500x500-000000-80-0-0.jpg'),(493,'Moby','https://cdn-images.dzcdn.net/images/artist/86732eeaa43262de069adc6edf22ea3b/500x500-000000-80-0-0.jpg'),(10029,'Arnold Jarvis','https://cdn-images.dzcdn.net/images/artist/b1058e563dd606e17b05e19983b3d4d1/500x500-000000-80-0-0.jpg'),(11389,'Kerri Chandler','https://cdn-images.dzcdn.net/images/artist/03e419d90076baed9b7934dd043873b2/500x500-000000-80-0-0.jpg'),(11585,'Will Saul','https://cdn-images.dzcdn.net/images/artist/77d4e420da31723a00f3c45b71c9a7d4/500x500-000000-80-0-0.jpg'),(16928,'DJ Koze','https://cdn-images.dzcdn.net/images/artist/3b09e90624fe4f892bc329ed880d3836/500x500-000000-80-0-0.jpg'),(77237,'The Trip','https://cdn-images.dzcdn.net/images/artist/070e679cc5e5d73f245de5a00e345039/500x500-000000-80-0-0.jpg'),(154092,'Djako','https://cdn-images.dzcdn.net/images/artist/7c5f8dcb766973410b6e135fcb351539/500x500-000000-80-0-0.jpg'),(177002,'Terrence Parker','https://cdn-images.dzcdn.net/images/artist/fc0030309368289c6c894ef89adfec32/500x500-000000-80-0-0.jpg'),(247106,'Jerome Sydenham','https://cdn-images.dzcdn.net/images/artist/10893812bf066f3ece9d09f1269e54f8/500x500-000000-80-0-0.jpg'),(249216,'Michael Watford','https://cdn-images.dzcdn.net/images/artist/8d4d29efaba801787b41d5ff279fcfb9/500x500-000000-80-0-0.jpg'),(258260,'Tomàn','https://cdn-images.dzcdn.net/images/artist/b3325946e4c4446ac14aa20c3da10982/500x500-000000-80-0-0.jpg'),(268256,'Dan Ghenacia','https://cdn-images.dzcdn.net/images/artist/82f35e514239ab30427105e1266e3db7/500x500-000000-80-0-0.jpg'),(288125,'Bluey Robinson','https://cdn-images.dzcdn.net/images/artist/b00fe45176a520ed54efd60fded8b658/500x500-000000-80-0-0.jpg'),(311396,'Lafayette','https://cdn-images.dzcdn.net/images/artist/a034900d7fc6f0fe42ca22232a94d08b/500x500-000000-80-0-0.jpg'),(364146,'Franky Rizardo','https://cdn-images.dzcdn.net/images/artist/b316e203b68d87b3ad2c71c5b235f2c3/500x500-000000-80-0-0.jpg'),(375824,'THEOS','https://cdn-images.dzcdn.net/images/artist/a3ea5a325d04bd481b3e7c24cdc36c2a/500x500-000000-80-0-0.jpg'),(493567,'Lady Linn','https://cdn-images.dzcdn.net/images/artist/5f971b28ec505807fef346b9201f8a03/500x500-000000-80-0-0.jpg'),(498044,'S.A.M.','https://cdn-images.dzcdn.net/images/artist/c9eaa8b7dc7a645a837b732cd91d3a22/500x500-000000-80-0-0.jpg'),(1048947,'Angelo Ferreri','https://cdn-images.dzcdn.net/images/artist/76fffa6bd9060bde9e8816c96a9f24cd/500x500-000000-80-0-0.jpg'),(1176987,'Floorplan','https://cdn-images.dzcdn.net/images/artist/d7cf149027e1a86a63139454112266bc/500x500-000000-80-0-0.jpg'),(1180177,'Sidney Charles','https://cdn-images.dzcdn.net/images/artist/3d1a21ac83c7d36d87e0b2a428e831e5/500x500-000000-80-0-0.jpg'),(1251672,'Dreamer G','https://cdn-images.dzcdn.net/images/artist/99fe440052d1e3a1238a9e3bebcacbb3/500x500-000000-80-0-0.jpg'),(1332349,'Soular','https://cdn-images.dzcdn.net/images/artist/381d8b6072435e115d619f83faf228c6/500x500-000000-80-0-0.jpg'),(1571696,'Josh Butler','https://cdn-images.dzcdn.net/images/artist/83fc10f0e3945e89b8f3204d7294d6c4/500x500-000000-80-0-0.jpg'),(1604314,'Demuja','https://cdn-images.dzcdn.net/images/artist/cedf39622364ca90fb453738618c8241/500x500-000000-80-0-0.jpg'),(1613691,'PRUNK','https://cdn-images.dzcdn.net/images/artist/5a33727d5ce02e410f3e9b2c89bfd019/500x500-000000-80-0-0.jpg'),(2179411,'DJ Steaw','https://cdn-images.dzcdn.net/images/artist/73116fb799582e2d932164770394aa10/500x500-000000-80-0-0.jpg'),(2232231,'Coeo','https://cdn-images.dzcdn.net/images/artist/f6e2be06036dc27c3c49bca90a9f09f4/500x500-000000-80-0-0.jpg'),(2823871,'East End Dubs','https://cdn-images.dzcdn.net/images/artist/52258ab0ab258bc3f1016e4ff1fda012/500x500-000000-80-0-0.jpg'),(3810891,'Troy Denari','https://cdn-images.dzcdn.net/images/artist/97512382da18a6ce95ecddbea4fda7ae/500x500-000000-80-0-0.jpg'),(3926781,'Marlon Hoffstadt','https://cdn-images.dzcdn.net/images/artist/c00b5f8e263c5a1558acf974d02894ad/500x500-000000-80-0-0.jpg'),(3935861,'Gaskin','https://cdn-images.dzcdn.net/images/artist/4711ad06c89c6cb5f4b766c9ca7d6132/500x500-000000-80-0-0.jpg'),(4029141,'Brame','https://cdn-images.dzcdn.net/images/artist/32335852c04f1dfbdb109fb8e65dd765/500x500-000000-80-0-0.jpg'),(4622361,'Dense & Pika','https://cdn-images.dzcdn.net/images/artist/e26ed3bde6c3244ddbc126b589b3e2f7/500x500-000000-80-0-0.jpg'),(4732418,'Dennis Quin','https://cdn-images.dzcdn.net/images/artist/a59d0112f677bd113b343796e3f4c66b/500x500-000000-80-0-0.jpg'),(4833740,'Josh Baker','https://cdn-images.dzcdn.net/images/artist/335d8945ed07d60cf72a77590ef78241/500x500-000000-80-0-0.jpg'),(4858265,'Locklead','https://cdn-images.dzcdn.net/images/artist/278622711508dbc656f5b4e18e0b2be6/500x500-000000-80-0-0.jpg'),(5116306,'Conor Harris','https://cdn-images.dzcdn.net/images/artist/a0ed2d2e7887181d6e81c9930be9727b/500x500-000000-80-0-0.jpg'),(5344401,'Daoko','https://cdn-images.dzcdn.net/images/artist/45861151ec512f0595e642b7285cd322/500x500-000000-80-0-0.jpg'),(5359276,'Chris Stussy','https://cdn-images.dzcdn.net/images/artist/915921fa6b4d968c6c187ba4f1d01018/500x500-000000-80-0-0.jpg'),(5499411,'Ilija Djokovic','https://cdn-images.dzcdn.net/images/artist/088785809b7ea3b70b15d5f525d1d84d/500x500-000000-80-0-0.jpg'),(5676349,'DJ Loko','https://cdn-images.dzcdn.net/images/artist/d08a59aef38185f80b40450024d029af/500x500-000000-80-0-0.jpg'),(5862156,'Bas Roos','https://cdn-images.dzcdn.net/images/artist/185baeefb9bc17790b325f63f1a0cb6d/500x500-000000-80-0-0.jpg'),(5915433,'Dj Koko','https://cdn-images.dzcdn.net/images/artist/eaaa550a7cb16db611fd63c4dc77dfaa/500x500-000000-80-0-0.jpg'),(6023760,'Cinthie','https://cdn-images.dzcdn.net/images/artist/bec7d8b1ed81d6dd56425eab4ba795b0/500x500-000000-80-0-0.jpg'),(6055914,'Bellaire','https://cdn-images.dzcdn.net/images/artist/1bc0e3c8f318efebf1c8cddd989e195c/500x500-000000-80-0-0.jpg'),(6164532,'Kolter','https://cdn-images.dzcdn.net/images/artist/8427b95e0f78fdc0779a5f5f777fa6f6/500x500-000000-80-0-0.jpg'),(6296240,'Djoko','https://cdn-images.dzcdn.net/images/artist/ad2526990ffa166fd28225db55d4645a/500x500-000000-80-0-0.jpg'),(6352584,'Artmann','https://cdn-images.dzcdn.net/images/artist/57db908381ad33d9c6126ffe19889117/500x500-000000-80-0-0.jpg'),(6832487,'Kryptogram','https://cdn-images.dzcdn.net/images/artist/9e4dd32d361e0854e8635a1ba8e1f3a1/500x500-000000-80-0-0.jpg'),(7026869,'DJ BKO','https://cdn-images.dzcdn.net/images/artist/f1a5169221f6ccbd771c8672d7d23965/500x500-000000-80-0-0.jpg'),(7104069,'Jeff The Fool','https://cdn-images.dzcdn.net/images/artist/b0c8ee1a8180826839f41b6aff38c99f/500x500-000000-80-0-0.jpg'),(7309256,'Prospa','https://cdn-images.dzcdn.net/images/artist/b53c414019fa4abe85227ccdf33c8a13/500x500-000000-80-0-0.jpg'),(7387076,'V.i.c.a.r.i.','https://cdn-images.dzcdn.net/images/artist/a3272f4ee0a0f5c6d3d8e23410d7d624/500x500-000000-80-0-0.jpg'),(7494214,'Palms Trax','https://cdn-images.dzcdn.net/images/artist/efb9ee8308d0a518331cac0d14d49d70/500x500-000000-80-0-0.jpg'),(7605732,'Sebb Junior','https://cdn-images.dzcdn.net/images/artist/f871198bf89e604402c5be0e9f0f1f14/500x500-000000-80-0-0.jpg'),(7836430,'Harrison BDP','https://cdn-images.dzcdn.net/images/artist/022aee79df1fdde0b14ce31ee6ba4bf1/500x500-000000-80-0-0.jpg'),(7917570,'Patrick Mangan','https://cdn-images.dzcdn.net/images/artist/871426811abe7337948d12cdd26e40a6/500x500-000000-80-0-0.jpg'),(8133242,'George Smeddles','https://cdn-images.dzcdn.net/images/artist/e66a5da0550ed949413f612aa2fbc743/500x500-000000-80-0-0.jpg'),(8671278,'Luuk Van Dijk','https://cdn-images.dzcdn.net/images/artist/34c726cbddd1b8b950cfe7d0ef5cc41c/500x500-000000-80-0-0.jpg'),(8957342,'Doko','https://cdn-images.dzcdn.net/images/artist/94f828361d25be9721772dd86da6383e/500x500-000000-80-0-0.jpg'),(8972794,'Sweely','https://cdn-images.dzcdn.net/images/artist/e4a48b4950393f1784694598657a6b06/500x500-000000-80-0-0.jpg'),(10109748,'DJ Ko','https://cdn-images.dzcdn.net/images/artist/a441aa37aa554ff6d4622b5937ec49b2/500x500-000000-80-0-0.jpg'),(10531083,'Deborah Aime La Bagarre','https://cdn-images.dzcdn.net/images/artist/87076225ce8ce544a6bf0bbd3dc24735/500x500-000000-80-0-0.jpg'),(10615599,'Ruze','https://cdn-images.dzcdn.net/images/artist/17046a70c166adc1e6ddcb8ae91246e1/500x500-000000-80-0-0.jpg'),(10843706,'M-High','https://cdn-images.dzcdn.net/images/artist/acce854daaf39ecfe1d311e44888d0ce/500x500-000000-80-0-0.jpg'),(11124806,'William Djoko','https://cdn-images.dzcdn.net/images/artist/bc5a1009d42803c03b13831c16403fbe/500x500-000000-80-0-0.jpg'),(11167666,'Thalo Santana','https://cdn-images.dzcdn.net/images/artist/9341d23dc46f14ebb720690e6b090ebd/500x500-000000-80-0-0.jpg'),(11536181,'Queen Rose','https://cdn-images.dzcdn.net/images/artist/36ac3afb8bdc77c7b2b95d2bb60095dc/500x500-000000-80-0-0.jpg'),(11808503,'James Dexter and Chris Stussy','https://cdn-images.dzcdn.net/images/artist//500x500-000000-80-0-0.jpg'),(11902995,'Fahlberg','https://cdn-images.dzcdn.net/images/artist/2af9b871ea358c5409c01cbcab27ec38/500x500-000000-80-0-0.jpg'),(12115100,'Hyperforms','https://cdn-images.dzcdn.net/images/artist/04aab22006d59a6bb3483cef9fb37d70/500x500-000000-80-0-0.jpg'),(12263646,'Robbie Doherty','https://cdn-images.dzcdn.net/images/artist/5da30e6440037d2eb6065ee511e527c5/500x500-000000-80-0-0.jpg'),(13058827,'Prunk & Chris Stussy','https://cdn-images.dzcdn.net/images/artist/497d89518117ed1173b08045260f6cb1/500x500-000000-80-0-0.jpg'),(13780213,'Klaus Veen','https://cdn-images.dzcdn.net/images/artist/13569ad8dbba05f17584ad146219fa96/500x500-000000-80-0-0.jpg'),(42052962,'Mark Laird','https://cdn-images.dzcdn.net/images/artist/23d23d34a36fabf14a1ab8192bcb90c0/500x500-000000-80-0-0.jpg'),(49232792,'Marsolo','https://cdn-images.dzcdn.net/images/artist/bbabe48f9d1a554c5018437a5a7f8f82/500x500-000000-80-0-0.jpg'),(51335262,'Oden & Fatzo','https://cdn-images.dzcdn.net/images/artist/2f5cd9818fc49111f834e3da6cd86caa/500x500-000000-80-0-0.jpg'),(51728812,'Loods','https://cdn-images.dzcdn.net/images/artist/55ba39cebb3aad58024d35aba5e5962d/500x500-000000-80-0-0.jpg'),(55363332,'Jok\'os','https://cdn-images.dzcdn.net/images/artist/89e6c82ecd2b3ea710f43e583e9b9595/500x500-000000-80-0-0.jpg'),(57633172,'Stef Davidse','https://cdn-images.dzcdn.net/images/artist/a13119aab081db3c6e2f1e0a12a9928a/500x500-000000-80-0-0.jpg'),(58458422,'DJOKOBEATZ','https://cdn-images.dzcdn.net/images/artist/472ce60a490300d9784aac1b9f53ae71/500x500-000000-80-0-0.jpg'),(71641172,'Obskür','https://cdn-images.dzcdn.net/images/artist/256c384b56b3616d17d7082941c14f42/500x500-000000-80-0-0.jpg'),(76137882,'Yaniel','https://cdn-images.dzcdn.net/images/artist/4eba2e9e60fbd383b841a9a047f33f83/500x500-000000-80-0-0.jpg'),(81399442,'Tom Did It','https://cdn-images.dzcdn.net/images/artist/be23352efa8050ba47698d0e789a42df/500x500-000000-80-0-0.jpg'),(84320362,'Koko','https://cdn-images.dzcdn.net/images/artist/9e1344904c53bde2b4bb70a7a423203a/500x500-000000-80-0-0.jpg'),(87400802,'Stazzia','https://cdn-images.dzcdn.net/images/artist/b91eea66ec8b7876c042bed4d775d47e/500x500-000000-80-0-0.jpg'),(101433142,'Jamback','https://cdn-images.dzcdn.net/images/artist/16acdee9983551637ed4066698686ec0/500x500-000000-80-0-0.jpg'),(103412392,'Dxnby','https://cdn-images.dzcdn.net/images/artist/7ed8b3f4fdc7ad6b2fe022f794c2a3e3/500x500-000000-80-0-0.jpg'),(117787672,'Stussko','https://cdn-images.dzcdn.net/images/artist/dfb56edc6fa33d512e2bf8c1ec7a54fc/500x500-000000-80-0-0.jpg'),(124525982,'Faster Horses','https://cdn-images.dzcdn.net/images/artist/d8315de10c16736f16b43549fb360448/500x500-000000-80-0-0.jpg'),(126053802,'Omar+','https://cdn-images.dzcdn.net/images/artist/9d8a9c741554bb0c8a93e03c7bd51681/500x500-000000-80-0-0.jpg'),(126768042,'Romeo Louisa','https://cdn-images.dzcdn.net/images/artist/3e1b9be2724cc9502a3a29a6aab5737e/500x500-000000-80-0-0.jpg'),(131996712,'Djoko OG','https://cdn-images.dzcdn.net/images/artist/39f053bdbcf69606223c9d15a77e5984/500x500-000000-80-0-0.jpg'),(139672102,'Natalia Kissoon','https://cdn-images.dzcdn.net/images/artist/841ce001ed93d7427bb86697b3a7f944/500x500-000000-80-0-0.jpg'),(152418382,'Julian Fijma','https://cdn-images.dzcdn.net/images/artist/fea26c0826a7d241b49ef45c5f393051/500x500-000000-80-0-0.jpg'),(158753062,'RotorMotor','https://cdn-images.dzcdn.net/images/artist/9b16313c389070053e8e81c44c80721f/500x500-000000-80-0-0.jpg'),(165883167,'Sunchilde','https://cdn-images.dzcdn.net/images/artist//500x500-000000-80-0-0.jpg'),(168788277,'Noa Milee','https://cdn-images.dzcdn.net/images/artist/4d8aa3e2bd6432eabcdd41aa2c863652/500x500-000000-80-0-0.jpg'),(175466757,'HXLLGANG','https://cdn-images.dzcdn.net/images/artist/f3ec7fe097a3e05f8eeb881655d5fe6f/500x500-000000-80-0-0.jpg'),(177930417,'Mau P','https://cdn-images.dzcdn.net/images/artist/0f40555bc579fc175b726c518dc15766/500x500-000000-80-0-0.jpg'),(181972617,'Aaron Braxton jr','https://cdn-images.dzcdn.net/images/artist//500x500-000000-80-0-0.jpg'),(202150047,'Ao','https://cdn-images.dzcdn.net/images/artist/184062836013f14770150aa8fe5f2da4/500x500-000000-80-0-0.jpg'),(202242457,'Djoko','https://cdn-images.dzcdn.net/images/artist/e14f4e8be144c91d0f5edca83062d4ef/500x500-000000-80-0-0.jpg'),(203478207,'Across Boundaries','https://cdn-images.dzcdn.net/images/artist/a222b9cacff5954c372181998120a2cc/500x500-000000-80-0-0.jpg'),(209386677,'NAE (SA)','https://cdn-images.dzcdn.net/images/artist/3432d5d2f3deff2ee4f5dc8978e257fe/500x500-000000-80-0-0.jpg'),(234620741,'AbbieLee','https://cdn-images.dzcdn.net/images/artist/6225f8bf896dbe71c3107445a047d8c2/500x500-000000-80-0-0.jpg'),(246084752,'Philip George','https://cdn-images.dzcdn.net/images/artist/c026a35048cf547270791e80b9b493c3/500x500-000000-80-0-0.jpg'),(303050091,'Bella','https://cdn-images.dzcdn.net/images/artist/ad83ceefec077b78218d9ffb32b4c6a5/500x500-000000-80-0-0.jpg');
INSERT INTO `brano_artista` VALUES (3483167751,359),(3059307331,493),(508987082,10029),(768533,11389),(96980032,11389),(465230242,11389),(508987082,11389),(999734252,11389),(1710386537,11389),(1746568077,11389),(1748075227,11389),(1896659217,11389),(1896659227,11389),(1896659257,11389),(1896659267,11389),(1896659277,11389),(1896659287,11389),(2373198055,11389),(2373199005,11389),(2373199175,11389),(2373199185,11389),(2373200045,11389),(2373200085,11389),(2389907235,11389),(2423872485,11389),(2440818965,11389),(2645169482,11389),(2650826672,11389),(2650826692,11389),(2655682942,11389),(2670296922,11389),(2701210182,11389),(3198877601,11389),(3263866321,11389),(3287691381,11389),(3394560251,11389),(3427612591,11389),(3427633221,11389),(3443976641,11389),(3552361061,11389),(3552361091,11389),(2373200045,11585),(2373199005,247106),(3263866321,249216),(3240736371,258260),(1748075227,288125),(1896659267,288125),(2373200085,311396),(926989582,375824),(1180246282,375824),(1191409392,375824),(1277322862,375824),(1397046782,375824),(1749045757,375824),(1749045777,375824),(2663483782,375824),(2983535271,375824),(3156236501,375824),(3156236511,375824),(3209481901,375824),(3287721981,375824),(1710386537,493567),(1334599202,498044),(1334599212,498044),(1334599222,498044),(1334599242,498044),(1334599252,498044),(1334599262,498044),(1334599272,498044),(3356267951,1180177),(1896659257,1251672),(3287721981,1332349),(2317215535,1604314),(1746568077,3810891),(2373199175,3810891),(2373199185,3810891),(2423872485,3810891),(2440818965,3810891),(2592116402,3926781),(465230242,4622361),(2423872485,4732418),(2440818965,4732418),(3443976641,4732418),(2169088677,4858265),(2169088687,4858265),(2169088697,4858265),(2169088707,4858265),(2169088717,4858265),(2169088727,4858265),(2698462742,4858265),(2698462762,4858265),(2698462772,4858265),(2698462782,4858265),(2698462792,4858265),(3405992021,4858265),(3405992031,4858265),(3405992041,4858265),(3405992051,4858265),(3405992061,4858265),(3405992071,4858265),(3405992081,4858265),(3405992091,4858265),(1191409392,5116306),(111724462,5359276),(493327332,5359276),(493327352,5359276),(493795152,5359276),(585083922,5359276),(750415092,5359276),(750415102,5359276),(1203924992,5359276),(1334599202,5359276),(1334599212,5359276),(1334599222,5359276),(1334599242,5359276),(1334599252,5359276),(1334599262,5359276),(1334599272,5359276),(1665829422,5359276),(1665829432,5359276),(1665829462,5359276),(2169088677,5359276),(2169088687,5359276),(2169088697,5359276),(2169088707,5359276),(2169088717,5359276),(2169088727,5359276),(2290913915,5359276),(2290913925,5359276),(2373199175,5359276),(2373199185,5359276),(2444649995,5359276),(2447150315,5359276),(2496437031,5359276),(2496438481,5359276),(2512826461,5359276),(2512826481,5359276),(2512826491,5359276),(2698462742,5359276),(2698462762,5359276),(2698462772,5359276),(2698462782,5359276),(2698462792,5359276),(2782517712,5359276),(3028778451,5359276),(3028778471,5359276),(3028778481,5359276),(3028778491,5359276),(3059307331,5359276),(3127867291,5359276),(3240736371,5359276),(3405992021,5359276),(3405992031,5359276),(3405992041,5359276),(3405992051,5359276),(3405992061,5359276),(3405992071,5359276),(3405992081,5359276),(3405992091,5359276),(493327332,5862156),(493327352,5862156),(938622922,6164532),(938622942,6164532),(985370922,6164532),(1024478622,6164532),(1034593402,6164532),(1188031342,6164532),(1198332282,6164532),(1515747392,6164532),(1574117112,6164532),(1622127042,6164532),(2192731347,6164532),(2317215535,6164532),(2376005365,6164532),(2476305041,6164532),(2496438501,6164532),(2512826491,6164532),(2592116402,6164532),(2616797072,6164532),(2623751452,6164532),(2887979252,6164532),(2915897791,6164532),(2996921241,6164532),(3066169631,6164532),(3147925891,6164532),(3147925901,6164532),(3218169931,6164532),(3218169941,6164532),(3218169951,6164532),(3218169961,6164532),(3288887521,6164532),(3291647781,6164532),(3356267951,6164532),(3483167751,6164532),(91706148,6296240),(938622922,6296240),(938622942,6296240),(1024478622,6296240),(1088820912,6296240),(1088820922,6296240),(1198332282,6296240),(1616934122,6296240),(1622127042,6296240),(1938645947,6296240),(2496438501,6296240),(1938645947,7836430),(1896659277,7917570),(2915897791,8671278),(3218169961,11167666),(3156236501,11536181),(2663483782,12115100),(1397046782,51335262),(1749045757,51335262),(1749045777,51335262),(3156236501,51335262),(3156236511,51335262),(3209481901,51335262),(1896659277,76137882),(1188031342,117787672),(1515747392,117787672),(2440818965,124525982),(3287691381,139672102),(1896659227,165883167),(3156236511,168788277),(3209481901,168788277),(1896659217,181972617),(1397046782,202150047),(2169088677,203478207),(2169088687,203478207),(2169088697,203478207),(2169088707,203478207),(2169088717,203478207),(2169088727,203478207),(2698462742,203478207),(2698462762,203478207),(2698462772,203478207),(2698462782,203478207),(2698462792,203478207),(3405992021,203478207),(3405992031,203478207),(3405992041,203478207),(3405992051,203478207),(3405992061,203478207),(3405992071,203478207),(3405992081,203478207),(3405992091,203478207),(3552361061,209386677),(3552361091,209386677),(2701210182,234620741),(3443976641,246084752);
INSERT INTO `genere` VALUES (0,'Tutti','https://cdn-images.dzcdn.net/images/misc//500x500-000000-80-0-0.jpg'),(2,'Musica Africana','https://cdn-images.dzcdn.net/images/misc/703413adf47ad8a6001b438f7608a2be/500x500-000000-80-0-0.jpg'),(16,'Musica Asiatica','https://cdn-images.dzcdn.net/images/misc/dd6d2756465b22488dff5d8663e86688/500x500-000000-80-0-0.jpg'),(67,'Salsa','https://cdn-images.dzcdn.net/images/misc/71860f882f1e1d4950b7544e2d0b61ef/500x500-000000-80-0-0.jpg'),(71,'Cumbia','https://cdn-images.dzcdn.net/images/misc/ffd77feba2c8fda79b18183861e4e69f/500x500-000000-80-0-0.jpg'),(75,'Musica Brasiliana','https://cdn-images.dzcdn.net/images/misc/01b12a3f3582899a13b664cea703a335/500x500-000000-80-0-0.jpg'),(81,'Musica Indiana','https://cdn-images.dzcdn.net/images/misc/b098161d9a824eef314bc38b985594a1/500x500-000000-80-0-0.jpg'),(84,'Country','https://cdn-images.dzcdn.net/images/misc/6eca3188f724f04843a15e3e575751a5/500x500-000000-80-0-0.jpg'),(85,'Alternative','https://cdn-images.dzcdn.net/images/misc/fd252ab727d9a3b0b3c29014873f8f57/500x500-000000-80-0-0.jpg'),(95,'Bambini','https://cdn-images.dzcdn.net/images/misc/b0b8efcbc3cb688864ce69da0061e525/500x500-000000-80-0-0.jpg'),(98,'Classica','https://cdn-images.dzcdn.net/images/misc/609f69b669b242252aa8ee09b5597655/500x500-000000-80-0-0.jpg'),(106,'Electro','https://api.deezer.com/genre/106/image'),(111,'Techno/House','https://api.deezer.com/genre/111/image'),(113,'Dance','https://api.deezer.com/genre/113/image'),(116,'Rap/Hip Hop','https://api.deezer.com/genre/116/image'),(122,'Reggaeton','https://cdn-images.dzcdn.net/images/misc/44dfebf3cf943dd82759d9bd9063767a/500x500-000000-80-0-0.jpg'),(129,'Jazz','https://cdn-images.dzcdn.net/images/misc/91468ecc5dfdd19c42a43d2cbdf27059/500x500-000000-80-0-0.jpg'),(132,'Pop','https://api.deezer.com/genre/132/image'),(144,'Reggae','https://cdn-images.dzcdn.net/images/misc/7b901a98628cf879e1465f1dfd697e00/500x500-000000-80-0-0.jpg'),(152,'Rock','https://cdn-images.dzcdn.net/images/misc/b36ca681666d617edd0dcb5ab389a6ac/500x500-000000-80-0-0.jpg'),(153,'Blues','https://cdn-images.dzcdn.net/images/misc/1abb6810098d4015bdc860c91bcfd2b6/500x500-000000-80-0-0.jpg'),(165,'R&B','https://cdn-images.dzcdn.net/images/misc/68a43aec844708e693cb99f47814153b/500x500-000000-80-0-0.jpg'),(169,'Soul & Funk','https://cdn-images.dzcdn.net/images/misc/3d5e8aab99b95bfa7ac7e9e466e7781e/500x500-000000-80-0-0.jpg'),(173,'Film/Videogiochi','https://cdn-images.dzcdn.net/images/misc/236d8057751d9c557728400dfe71483a/500x500-000000-80-0-0.jpg'),(197,'Musica latina','https://cdn-images.dzcdn.net/images/misc/069c9888538799748960781f098b5f4b/500x500-000000-80-0-0.jpg'),(464,'Metal','https://api.deezer.com/genre/464/image'),(466,'Folk','https://cdn-images.dzcdn.net/images/misc/f9e070848998df8870ba65cd0d22b2b3/500x500-000000-80-0-0.jpg');
