-- MySQL dump 10.13  Distrib 8.0.43, for Win64 (x86_64)
--
-- Host: localhost    Database: mixto
-- ------------------------------------------------------
-- Server version	8.0.43

/*!40101 SET @OLD_CHARACTER_SET_CLIENT=@@CHARACTER_SET_CLIENT */;
/*!40101 SET @OLD_CHARACTER_SET_RESULTS=@@CHARACTER_SET_RESULTS */;
/*!40101 SET @OLD_COLLATION_CONNECTION=@@COLLATION_CONNECTION */;
/*!50503 SET NAMES utf8 */;
/*!40103 SET @OLD_TIME_ZONE=@@TIME_ZONE */;
/*!40103 SET TIME_ZONE='+00:00' */;
/*!40014 SET @OLD_UNIQUE_CHECKS=@@UNIQUE_CHECKS, UNIQUE_CHECKS=0 */;
/*!40014 SET @OLD_FOREIGN_KEY_CHECKS=@@FOREIGN_KEY_CHECKS, FOREIGN_KEY_CHECKS=0 */;
/*!40101 SET @OLD_SQL_MODE=@@SQL_MODE, SQL_MODE='NO_AUTO_VALUE_ON_ZERO' */;
/*!40111 SET @OLD_SQL_NOTES=@@SQL_NOTES, SQL_NOTES=0 */;

--
-- Table structure for table `album`
--

DROP TABLE IF EXISTS `album`;
/*!40101 SET @saved_cs_client     = @@character_set_client */;
/*!50503 SET character_set_client = utf8mb4 */;
CREATE TABLE `album` (
  `id` int NOT NULL,
  `titolo` varchar(100) NOT NULL,
  `data_uscita` date DEFAULT NULL,
  `url_immagine` varchar(255) DEFAULT NULL,
  PRIMARY KEY (`id`)
) ENGINE=InnoDB DEFAULT CHARSET=utf8mb4 COLLATE=utf8mb4_0900_ai_ci;
/*!40101 SET character_set_client = @saved_cs_client */;

--
-- Dumping data for table `album`
--

LOCK TABLES `album` WRITE;
/*!40000 ALTER TABLE `album` DISABLE KEYS */;
INSERT INTO `album` VALUES (90397,'Kerri Chandler\'s Nervous Tracks','2007-05-22','https://cdn-images.dzcdn.net/images/cover/766fb5f9ccc4380aef7478d5bc5d103e/500x500-000000-80-0-0.jpg'),(9306904,'Reality',NULL,'https://cdn-images.dzcdn.net/images/cover/ec15357c7527e06ef2e9cf75a1ff78b8/500x500-000000-80-0-0.jpg'),(9872184,'House Session 3 - Large Music','2009-11-30','https://cdn-images.dzcdn.net/images/cover/c36287ff5eb04083ad4afb24fcbc2b16/500x500-000000-80-0-0.jpg'),(11597894,'For The Music',NULL,'https://cdn-images.dzcdn.net/images/cover/5159ffebe9d68ee7e84203aed8dc3487/500x500-000000-80-0-0.jpg'),(57609692,'Rain (Dense & Pika Remix)','2018-03-02','https://cdn-images.dzcdn.net/images/cover/4a81bc1807e379b3d60cb08c4048908d/500x500-000000-80-0-0.jpg'),(62482862,'Ladies Night EP',NULL,'https://cdn-images.dzcdn.net/images/cover/05970fa95c8c98fb376dab7545bd5e8f/500x500-000000-80-0-0.jpg'),(62551572,'Boogie Trippin EP',NULL,'https://cdn-images.dzcdn.net/images/cover/2539f0bbab7ca37d055e09e5ac0a68ab/500x500-000000-80-0-0.jpg'),(65145352,'House Classics V (Presented by Harley & Muscle)','2015-03-20','https://cdn-images.dzcdn.net/images/cover/8776ef3d8de1b1a4f7c996cb0299ddf7/500x500-000000-80-0-0.jpg'),(78526252,'Possitive Mind EP','2018-11-19','https://cdn-images.dzcdn.net/images/cover/35a3360f22787d1ca000bac9ba113085/500x500-000000-80-0-0.jpg'),(110449612,'Electro City Moving EP',NULL,'https://cdn-images.dzcdn.net/images/cover/9872d2faf1f1d7362a202858f68ff75b/500x500-000000-80-0-0.jpg'),(141066032,'House Feeling','2020-04-28','https://cdn-images.dzcdn.net/images/cover/f958292c3fc9c97dc519736800ad0f1a/500x500-000000-80-0-0.jpg'),(143735672,'Hooked',NULL,'https://cdn-images.dzcdn.net/images/cover/ad2526990ffa166fd28225db55d4645a/500x500-000000-80-0-0.jpg'),(153312392,'KOLTERCAMP, Vol. I',NULL,'https://cdn-images.dzcdn.net/images/cover/f074fdbb79a79af67d7f7d3d9c185c64/500x500-000000-80-0-0.jpg'),(156262932,'Deezer DJ Mix','2020-06-26','https://cdn-images.dzcdn.net/images/cover/ecf0fa0c8f792d6167c4b85af94bbfd3/500x500-000000-80-0-0.jpg'),(163372612,'KOLTERCAMP Vol. III','2020-07-31','https://cdn-images.dzcdn.net/images/cover/616e48a4842053fe70c3b93d3051a877/500x500-000000-80-0-0.jpg'),(175145502,'Lesson 1 EP',NULL,'https://cdn-images.dzcdn.net/images/cover/ba1e4bf6b64b20a2512537bdb2095a9f/500x500-000000-80-0-0.jpg'),(193772012,'Fantasy','2020-12-30','https://cdn-images.dzcdn.net/images/cover/4f933f2236538f4517de39263f0c0094/500x500-000000-80-0-0.jpg'),(195375762,'Spacefunk','2021-01-29','https://cdn-images.dzcdn.net/images/cover/1241ef663a75810094a2ce55098905f7/500x500-000000-80-0-0.jpg'),(197836242,'Ventura',NULL,'https://cdn-images.dzcdn.net/images/cover/611468a3f16d4d498cba690de9ae9746/500x500-000000-80-0-0.jpg'),(199007422,'Take A Leap Of Faith','2021-01-25','https://cdn-images.dzcdn.net/images/cover/79582f2377dd3af6fbb6b4208b6d04ed/500x500-000000-80-0-0.jpg'),(215210312,'Lie Machine','2021-04-16','https://cdn-images.dzcdn.net/images/cover/d5109dbfe981b03c19f5f4125159bae7/500x500-000000-80-0-0.jpg'),(221700932,'Get Together',NULL,'https://cdn-images.dzcdn.net/images/cover/403fd97bde18c15e057a86d1660db436/500x500-000000-80-0-0.jpg'),(249350442,'A Glimmer of Hope EP','2021-09-03','https://cdn-images.dzcdn.net/images/cover/588e2f474ad21884bf34895260cb4774/500x500-000000-80-0-0.jpg'),(264110612,'Brothers & Sisters','2021-10-15','https://cdn-images.dzcdn.net/images/cover/396c22b597348a5bb43517eb61333668/500x500-000000-80-0-0.jpg'),(277139712,'KOLTERCAMP, Vol. IV',NULL,'https://cdn-images.dzcdn.net/images/cover/260fa41f54a61e21ae8f2b04a74f2fff/500x500-000000-80-0-0.jpg'),(286527442,'Rapture EP','2022-02-04','https://cdn-images.dzcdn.net/images/cover/d27a2e658740adb24c888865a30b189b/500x500-000000-80-0-0.jpg'),(287738192,'Feel The Music','2022-02-11','https://cdn-images.dzcdn.net/images/cover/3c8cc74735ae5987c7b692639665ac17/500x500-000000-80-0-0.jpg'),(298097512,'Mysteries of the Universe',NULL,'https://cdn-images.dzcdn.net/images/cover/26484d236a65f016c0defa4720c4b214/500x500-000000-80-0-0.jpg'),(308796457,'Spaces and Places Album Sampler 1','2022-05-06','https://cdn-images.dzcdn.net/images/cover/d0cff4927d1280e9607add2fcfdae34e/500x500-000000-80-0-0.jpg'),(317452567,'Change Your Mind [District 8]','2022-05-27','https://cdn-images.dzcdn.net/images/cover/4b0b44f55010787adc6bbc435a703b93/500x500-000000-80-0-0.jpg'),(317811217,'Spaces and Places Album Sampler 2','2022-06-10','https://cdn-images.dzcdn.net/images/cover/4b0b44f55010787adc6bbc435a703b93/500x500-000000-80-0-0.jpg'),(318044377,'Mirage','2022-06-24','https://cdn-images.dzcdn.net/images/cover/86f1e92f3c8b8b40999b28b806814dc2/500x500-000000-80-0-0.jpg'),(352689077,'Spaces and Places','2022-09-26','https://cdn-images.dzcdn.net/images/cover/fcf54c5fa722a754ef50f3982ee859ec/500x500-000000-80-0-0.jpg'),(361594217,'Bad Boy from the Milkyway','2022-10-17','https://cdn-images.dzcdn.net/images/cover/05c2bb770ccfd5edad580ab5f9a6e139/500x500-000000-80-0-0.jpg'),(412232537,'Sense of Future',NULL,'https://cdn-images.dzcdn.net/images/cover/299d36c22e0ca3207ea1ab23115bca01/500x500-000000-80-0-0.jpg'),(417859337,'Bust a Beat',NULL,'https://cdn-images.dzcdn.net/images/cover/2def4c60993c54341b68951075c3a752/500x500-000000-80-0-0.jpg'),(443485285,'All Night Long',NULL,'https://cdn-images.dzcdn.net/images/cover/74968aac2b6342e00228d05c58938a52/500x500-000000-80-0-0.jpg'),(450140335,'Bonzai','2023-07-12','https://cdn-images.dzcdn.net/images/cover/b7992a0b87bdd7e5b02d49a4c3791aac/500x500-000000-80-0-0.jpg'),(465945265,'Finger Printz EP','1995-03-06','https://cdn-images.dzcdn.net/images/cover/6050746b77073b874b779a4688df403d/500x500-000000-80-0-0.jpg'),(465945445,'Remastered','2017-11-24','https://cdn-images.dzcdn.net/images/cover/e76fe047741a3a8fd84d3562a1c37076/500x500-000000-80-0-0.jpg'),(465945475,'The Way It Goes (Track 1) (Chris Stussy Remix)','2020-06-19','https://cdn-images.dzcdn.net/images/cover/97512382da18a6ce95ecddbea4fda7ae/500x500-000000-80-0-0.jpg'),(465945775,'Crate Digging','2018-09-07','https://cdn-images.dzcdn.net/images/cover/5624abf012a52a2909c9ef0ffaa7be28/500x500-000000-80-0-0.jpg'),(466788195,'Radio Los Santos','2023-08-04','https://cdn-images.dzcdn.net/images/cover/0046422a294fccaa55256d536f78aa96/500x500-000000-80-0-0.jpg'),(493890821,'DX7 Together','2023-10-13','https://cdn-images.dzcdn.net/images/cover/5f7910e57533e77a58c351785dfb485b/500x500-000000-80-0-0.jpg'),(499519641,'Wanna Dance EP','2017-01-13','https://cdn-images.dzcdn.net/images/cover/eb5c6965a144bf44859ae6c465c50798/500x500-000000-80-0-0.jpg'),(499519821,'PIV ADE SAMPLER 2019',NULL,'https://cdn-images.dzcdn.net/images/cover/7a61da002f67adaf9c186ef946a79819/500x500-000000-80-0-0.jpg'),(533743762,'That Was Fresh - EP',NULL,'https://cdn-images.dzcdn.net/images/cover/8f1261746510d529995098140316146d/500x500-000000-80-0-0.jpg'),(536013982,'Koltercamp : Best Bits','2024-02-09','https://cdn-images.dzcdn.net/images/cover/a3e77a7f92530a79d30f7fd741fc3b18/500x500-000000-80-0-0.jpg'),(542536272,'Hallelujah','2022-12-02','https://cdn-images.dzcdn.net/images/cover/92f4ce6b32ee4b4a064d5c044ff2fa6a/500x500-000000-80-0-0.jpg'),(544355262,'On My Way','2019-10-25','https://cdn-images.dzcdn.net/images/cover/8cf618b811f88619ae4a57c3016c15ad/500x500-000000-80-0-0.jpg'),(545748312,'Bar A Thym / Sunshine & Twilight','2005-05-16','https://cdn-images.dzcdn.net/images/cover/392323889fbb0b9e1ef6015b1b01b3e0/500x500-000000-80-0-0.jpg'),(550275852,'So Let The Wind Come','2006-01-23','https://cdn-images.dzcdn.net/images/cover/b80c64e223c8d1030246dd951c16eab5/500x500-000000-80-0-0.jpg'),(558742112,'Synergy',NULL,'https://cdn-images.dzcdn.net/images/cover/82acbc07bfa779f8f8ce65f0dea2bf8e/500x500-000000-80-0-0.jpg'),(559510022,'Lost & Found, Vol. 3','2024-04-12','https://cdn-images.dzcdn.net/images/cover/82a3bea8f449cd8a05c419bc1d7d45c7/500x500-000000-80-0-0.jpg'),(568296181,'No Way Out','2024-04-19','https://cdn-images.dzcdn.net/images/cover/a5ba9a64282a9401d7bc3d695443b5cc/500x500-000000-80-0-0.jpg'),(614605212,'What a Day (Edit)',NULL,'https://cdn-images.dzcdn.net/images/cover/342c365bd58c2127cd8607a1198e6ef4/500x500-000000-80-0-0.jpg'),(715400731,'What U Do EP',NULL,'https://cdn-images.dzcdn.net/images/cover/33572a8e4dcc7a90af602b652c487e60/500x500-000000-80-0-0.jpg'),(722619801,'Since I Met You','2025-04-04','https://cdn-images.dzcdn.net/images/cover/ff7def761ec2195a7fcd20a4aa466e8c/500x500-000000-80-0-0.jpg'),(730556221,'Lost & Found EP, Vol. 4','2025-04-18','https://cdn-images.dzcdn.net/images/cover/ff7def761ec2195a7fcd20a4aa466e8c/500x500-000000-80-0-0.jpg'),(753220921,'Let\'s Pardey EP',NULL,'https://cdn-images.dzcdn.net/images/cover/fb4a08bcc3fa7c97c7f11937d4fec0a1/500x500-000000-80-0-0.jpg'),(765819311,'Mommy What\'s a Record','2017-10-26','https://cdn-images.dzcdn.net/images/cover/c3185cdb0948fbc0268f7cf78d1053b6/500x500-000000-80-0-0.jpg'),(769758471,'Sakura',NULL,'https://cdn-images.dzcdn.net/images/cover/a19691d854608dcb3af1adf1dbf72e95/500x500-000000-80-0-0.jpg'),(777145171,'Atmosphere (The Lost Dubs)','2017-08-14','https://cdn-images.dzcdn.net/images/cover/fbc3af03e51852aaaaf68ca7b8449a8d/500x500-000000-80-0-0.jpg'),(777153171,'Atmospheric Beats','2017-08-14','https://cdn-images.dzcdn.net/images/cover/c3185cdb0948fbc0268f7cf78d1053b6/500x500-000000-80-0-0.jpg'),(820042551,'Caged Bird','2025-10-03','https://cdn-images.dzcdn.net/images/cover/cd9814a2562f6ad2a9246c0c023b4401/500x500-000000-80-0-0.jpg');
/*!40000 ALTER TABLE `album` ENABLE KEYS */;
UNLOCK TABLES;

--
-- Table structure for table `album_genere`
--

DROP TABLE IF EXISTS `album_genere`;
/*!40101 SET @saved_cs_client     = @@character_set_client */;
/*!50503 SET character_set_client = utf8mb4 */;
CREATE TABLE `album_genere` (
  `id_album` int NOT NULL,
  `id_genere` int NOT NULL,
  PRIMARY KEY (`id_album`,`id_genere`),
  KEY `id_genere_album_genere_idx` (`id_genere`),
  CONSTRAINT `id_album_album_genere` FOREIGN KEY (`id_album`) REFERENCES `album` (`id`) ON DELETE CASCADE ON UPDATE CASCADE,
  CONSTRAINT `id_genere_album_genere` FOREIGN KEY (`id_genere`) REFERENCES `genere` (`id`) ON DELETE CASCADE ON UPDATE CASCADE
) ENGINE=InnoDB DEFAULT CHARSET=utf8mb4 COLLATE=utf8mb4_0900_ai_ci;
/*!40101 SET character_set_client = @saved_cs_client */;

--
-- Dumping data for table `album_genere`
--

LOCK TABLES `album_genere` WRITE;
/*!40000 ALTER TABLE `album_genere` DISABLE KEYS */;
INSERT INTO `album_genere` VALUES (62551572,106),(78526252,106),(110449612,106),(143735672,106),(153312392,106),(156262932,106),(163372612,106),(175145502,106),(195375762,106),(199007422,106),(221700932,106),(249350442,106),(277139712,106),(286527442,106),(298097512,106),(317811217,106),(318044377,106),(352689077,106),(361594217,106),(412232537,106),(443485285,106),(465945475,106),(465945775,106),(533743762,106),(536013982,106),(542536272,106),(558742112,106),(568296181,106),(715400731,106),(730556221,106),(753220921,106),(769758471,106),(820042551,106),(62551572,111),(78526252,111),(110449612,111),(143735672,111),(156262932,111),(175145502,111),(221700932,111),(249350442,111),(286527442,111),(298097512,111),(317811217,111),(318044377,111),(352689077,111),(465945775,111),(542536272,111),(730556221,111),(753220921,111),(820042551,111),(221700932,113),(298097512,113),(318044377,113),(412232537,113),(533743762,113),(542536272,113),(558742112,113),(715400731,113),(769758471,113);
/*!40000 ALTER TABLE `album_genere` ENABLE KEYS */;
UNLOCK TABLES;

--
-- Table structure for table `artista`
--

DROP TABLE IF EXISTS `artista`;
/*!40101 SET @saved_cs_client     = @@character_set_client */;
/*!50503 SET character_set_client = utf8mb4 */;
CREATE TABLE `artista` (
  `id` int NOT NULL,
  `nome` varchar(200) DEFAULT NULL,
  `url_immagine` varchar(255) DEFAULT NULL,
  PRIMARY KEY (`id`)
) ENGINE=InnoDB DEFAULT CHARSET=utf8mb4 COLLATE=utf8mb4_0900_ai_ci;
/*!40101 SET character_set_client = @saved_cs_client */;

--
-- Dumping data for table `artista`
--

LOCK TABLES `artista` WRITE;
/*!40000 ALTER TABLE `artista` DISABLE KEYS */;
INSERT INTO `artista` VALUES (10029,'Arnold Jarvis','https://cdn-images.dzcdn.net/images/artist/b1058e563dd606e17b05e19983b3d4d1/500x500-000000-80-0-0.jpg'),(11389,'Kerri Chandler','https://cdn-images.dzcdn.net/images/artist/03e419d90076baed9b7934dd043873b2/500x500-000000-80-0-0.jpg'),(82971,'Relic','https://cdn-images.dzcdn.net/images/artist/0a548b40cb4b5e94947d32563deb3e81/500x500-000000-80-0-0.jpg'),(247106,'Jerome Sydenham','https://cdn-images.dzcdn.net/images/artist/10893812bf066f3ece9d09f1269e54f8/500x500-000000-80-0-0.jpg'),(249216,'Michael Watford','https://cdn-images.dzcdn.net/images/artist/8d4d29efaba801787b41d5ff279fcfb9/500x500-000000-80-0-0.jpg'),(258260,'Tomàn','https://cdn-images.dzcdn.net/images/artist/b3325946e4c4446ac14aa20c3da10982/500x500-000000-80-0-0.jpg'),(288125,'Bluey Robinson','https://cdn-images.dzcdn.net/images/artist/b00fe45176a520ed54efd60fded8b658/500x500-000000-80-0-0.jpg'),(311396,'Lafayette','https://cdn-images.dzcdn.net/images/artist/a034900d7fc6f0fe42ca22232a94d08b/500x500-000000-80-0-0.jpg'),(375824,'THEOS','https://cdn-images.dzcdn.net/images/artist/a3ea5a325d04bd481b3e7c24cdc36c2a/500x500-000000-80-0-0.jpg'),(493567,'Lady Linn','https://cdn-images.dzcdn.net/images/artist/5f971b28ec505807fef346b9201f8a03/500x500-000000-80-0-0.jpg'),(498044,'S.A.M.','https://cdn-images.dzcdn.net/images/artist/c9eaa8b7dc7a645a837b732cd91d3a22/500x500-000000-80-0-0.jpg'),(1180177,'Sidney Charles','https://cdn-images.dzcdn.net/images/artist/3d1a21ac83c7d36d87e0b2a428e831e5/500x500-000000-80-0-0.jpg'),(1251672,'Dreamer G','https://cdn-images.dzcdn.net/images/artist/99fe440052d1e3a1238a9e3bebcacbb3/500x500-000000-80-0-0.jpg'),(1604314,'Demuja','https://cdn-images.dzcdn.net/images/artist/cedf39622364ca90fb453738618c8241/500x500-000000-80-0-0.jpg'),(3810891,'Troy Denari','https://cdn-images.dzcdn.net/images/artist/97512382da18a6ce95ecddbea4fda7ae/500x500-000000-80-0-0.jpg'),(4622361,'Dense & Pika','https://cdn-images.dzcdn.net/images/artist/e26ed3bde6c3244ddbc126b589b3e2f7/500x500-000000-80-0-0.jpg'),(4858265,'Locklead','https://cdn-images.dzcdn.net/images/artist/278622711508dbc656f5b4e18e0b2be6/500x500-000000-80-0-0.jpg'),(5359276,'Chris Stussy','https://cdn-images.dzcdn.net/images/artist/915921fa6b4d968c6c187ba4f1d01018/500x500-000000-80-0-0.jpg'),(5862156,'Bas Roos','https://cdn-images.dzcdn.net/images/artist/185baeefb9bc17790b325f63f1a0cb6d/500x500-000000-80-0-0.jpg'),(6164532,'Kolter','https://cdn-images.dzcdn.net/images/artist/8427b95e0f78fdc0779a5f5f777fa6f6/500x500-000000-80-0-0.jpg'),(6296240,'Djoko','https://cdn-images.dzcdn.net/images/artist/ad2526990ffa166fd28225db55d4645a/500x500-000000-80-0-0.jpg'),(7836430,'Harrison BDP','https://cdn-images.dzcdn.net/images/artist/022aee79df1fdde0b14ce31ee6ba4bf1/500x500-000000-80-0-0.jpg'),(7917570,'Patrick Mangan','https://cdn-images.dzcdn.net/images/artist/871426811abe7337948d12cdd26e40a6/500x500-000000-80-0-0.jpg'),(51335262,'Oden & Fatzo','https://cdn-images.dzcdn.net/images/artist/2f5cd9818fc49111f834e3da6cd86caa/500x500-000000-80-0-0.jpg'),(76137882,'Yaniel','https://cdn-images.dzcdn.net/images/artist/4eba2e9e60fbd383b841a9a047f33f83/500x500-000000-80-0-0.jpg'),(117787672,'Stussko','https://cdn-images.dzcdn.net/images/artist/dfb56edc6fa33d512e2bf8c1ec7a54fc/500x500-000000-80-0-0.jpg'),(139672102,'Natalia Kissoon','https://cdn-images.dzcdn.net/images/artist/841ce001ed93d7427bb86697b3a7f944/500x500-000000-80-0-0.jpg'),(165883167,'Sunchilde','https://cdn-images.dzcdn.net/images/artist//500x500-000000-80-0-0.jpg'),(181972617,'Aaron Braxton jr','https://cdn-images.dzcdn.net/images/artist//500x500-000000-80-0-0.jpg'),(203478207,'Across Boundaries','https://cdn-images.dzcdn.net/images/artist/a222b9cacff5954c372181998120a2cc/500x500-000000-80-0-0.jpg'),(209386677,'NAE (SA)','https://cdn-images.dzcdn.net/images/artist/3432d5d2f3deff2ee4f5dc8978e257fe/500x500-000000-80-0-0.jpg'),(234620741,'AbbieLee','https://cdn-images.dzcdn.net/images/artist/6225f8bf896dbe71c3107445a047d8c2/500x500-000000-80-0-0.jpg');
/*!40000 ALTER TABLE `artista` ENABLE KEYS */;
UNLOCK TABLES;

--
-- Table structure for table `brano`
--

DROP TABLE IF EXISTS `brano`;
/*!40101 SET @saved_cs_client     = @@character_set_client */;
/*!50503 SET character_set_client = utf8mb4 */;
CREATE TABLE `brano` (
  `id` bigint unsigned NOT NULL,
  `titolo` varchar(100) NOT NULL,
  `durata` time DEFAULT NULL,
  `id_album` int NOT NULL,
  PRIMARY KEY (`id`),
  KEY `id_album` (`id_album`),
  CONSTRAINT `brano_ibfk_1` FOREIGN KEY (`id_album`) REFERENCES `album` (`id`) ON DELETE CASCADE ON UPDATE CASCADE
) ENGINE=InnoDB DEFAULT CHARSET=utf8mb4 COLLATE=utf8mb4_0900_ai_ci;
/*!40101 SET character_set_client = @saved_cs_client */;

--
-- Dumping data for table `brano`
--

LOCK TABLES `brano` WRITE;
/*!40000 ALTER TABLE `brano` DISABLE KEYS */;
INSERT INTO `brano` VALUES (768533,'Rain (Mood EP Version)','00:07:51',90397),(91706148,'Freak','00:05:33',9306904),(96980032,'Midnite City Blues','00:06:20',9872184),(111724462,'For The Music','00:06:39',11597894),(465230242,'Rain (Dense & Pika Remix)','00:06:25',57609692),(493327332,'Ladies Night','00:06:03',62482862),(493327352,'Funk Alive','00:05:35',62482862),(493795152,'Boogie Trippin','00:06:13',62551572),(508987082,'Inspiration','00:06:12',65145352),(585083922,'You & Me, Together','00:06:05',78526252),(750415092,'Forever Moving (Original Mix)','00:06:47',110449612),(750415102,'Synchronicity (Original Mix)','00:06:04',110449612),(926989582,'House Feeling','00:05:12',141066032),(938622922,'Hooked on You','00:06:23',143735672),(938622942,'Bad to the Bone','00:05:57',143735672),(985370922,'Be Real','00:07:33',153312392),(999734252,'DJ Mix (DJ Mix)','01:03:50',156262932),(1034593402,'Son of a Sun','00:06:43',163372612),(1088820912,'Daylight','00:05:56',175145502),(1088820922,'Step han','00:06:13',175145502),(1180246282,'Learn To Know Yourself','00:06:22',193772012),(1188031342,'Spacefunk','00:07:36',195375762),(1198332282,'Ventura','00:05:51',197836242),(1203924992,'Take A Leap Of Faith','00:06:38',199007422),(1203925002,'Take A Leap Of Faith (Relic Remix)','00:06:02',199007422),(1203925012,'Point Loma','00:06:50',199007422),(1203925022,'Limerence','00:06:30',199007422),(1277322862,'Lie Machine','00:06:53',215210312),(1334599202,'Breather','00:07:45',221700932),(1334599212,'Spaceship','00:06:47',221700932),(1334599222,'Get Together','00:07:13',221700932),(1334599242,'Sirine','00:06:16',221700932),(1334599252,'Sonic Mana','00:08:07',221700932),(1334599262,'Never Lazy','00:06:07',221700932),(1334599272,'Ethernity','00:07:14',221700932),(1454607362,'Central Frenzy','00:06:28',249350442),(1454607372,'Riva De Biasio','00:06:30',249350442),(1454607382,'Deviant Shadow','00:06:29',249350442),(1454607392,'A Glimmer Of Hope','00:05:59',249350442),(1515747392,'Brothers & Sisters','00:06:45',264110612),(1574117112,'Get Sexy','00:06:03',277139712),(1616934122,'My Crib','00:05:32',286527442),(1622127042,'Feel The Music','00:07:25',287738192),(1665829422,'Hundu Boulevard','00:06:42',298097512),(1665829432,'Can\'t Escape','00:06:20',298097512),(1665829462,'Mysteries of the Universe','00:07:30',298097512),(1710386537,'You Get Lost In It [The Warehouse Project] (Full Vocal Main Mix)','00:06:58',308796457),(1746568077,'Change Your Mind [District 8] (Full Vocal)','00:09:29',317452567),(1748075227,'Tenacity (Main Vocal Edit)','00:04:25',317811217),(1749045757,'Mind Travellers','00:05:20',318044377),(1749045777,'Selfish Desire','00:04:05',318044377),(1896659217,'Back to Earth (Find Your Peace) [The Knockdown Center]','00:07:31',352689077),(1896659227,'Never Thought [Printworks] (Main Vocal Mix)','00:06:17',352689077),(1896659257,'Hurry Up [Ministry of Sound] (Kerri\'s Again Mix)','00:06:55',352689077),(1896659267,'Tenacity [Output] (Main Vocal Mix)','00:06:25',352689077),(1896659277,'Kaiku [Kaiku] (Disco Version)','00:06:43',352689077),(1896659287,'Industria [Industria]','00:08:05',352689077),(1938645947,'Bad Boy from the Milkyway','00:06:40',361594217),(2169088677,'Sense of Future','00:06:15',412232537),(2169088687,'Strummer','00:06:56',412232537),(2169088707,'Cold December','00:06:32',412232537),(2169088717,'Daydreamer','00:06:50',412232537),(2169088727,'Extract','00:07:33',412232537),(2192731347,'Bust a Beat','00:06:46',417859337),(2290913925,'Rose Bay','00:07:27',443485285),(2317215535,'Bonzai','00:04:59',450140335),(2373198055,'Where Is Love','00:08:26',465945265),(2373199005,'Powder (Deep Legends Mix Kerri Chandler Remaster)','00:08:03',465945445),(2373199175,'The Way It Goes (Track 1) (Chris Stussy Remix)','00:08:08',465945475),(2373199185,'The Way It Goes (Track 1) (Chris Stussy Dub)','00:06:36',465945475),(2373200085,'Better Late Than Never (Kaoz 6:23 Mix Kerri Chandler Remaster)','00:05:53',465945775),(2376005365,'Radio Los Santos','00:07:12',466788195),(2476305041,'DX7 Together','00:07:25',493890821),(2496437031,'Way Of Life','00:05:48',499519641),(2496438481,'Evening Drive','00:07:01',499519821),(2496438501,'Glace Circle','00:06:45',499519821),(2616797072,'Feel','00:06:56',533743762),(2623751452,'Let You Go','00:06:41',536013982),(2645169482,'Hallelujah (Kaoz 6:23 Gospel Extended Mix)','00:08:02',542536272),(2650826692,'On My Way (Extended Mix)','00:06:06',544355262),(2655682942,'Bar A Thym (Extended Mix)','00:07:24',545748312),(2670296922,'So Let The Wind Come (Remix)','00:08:23',550275852),(2698462742,'T.M.P.','00:06:02',558742112),(2698462762,'Synergy','00:06:17',558742112),(2698462772,'Pumpin\'','00:05:34',558742112),(2698462782,'Sonar','00:05:44',558742112),(2698462792,'Neem De Tijd','00:04:12',558742112),(2701210182,'Let It (Give Me Back My Love)','00:05:53',559510022),(2734197221,'No Way Out','00:03:02',568296181),(2887979252,'What a Day (Edit)','00:04:19',614605212),(3240736371,'Mountain River','00:07:14',715400731),(3263866321,'Since I Met You','00:06:19',722619801),(3287691381,'Circles (Track 1) ft Natalia Kissoon','00:07:33',730556221),(3356267951,'I\'m Free Now','00:04:01',753220921),(3394560251,'Mommy What\'s a Record','00:07:44',765819311),(3405992021,'Sakura','00:06:24',769758471),(3405992031,'The Funktion','00:06:09',769758471),(3405992041,'Rendevouz','00:05:58',769758471),(3405992051,'Mindtrippin\'','00:06:07',769758471),(3405992061,'E-Motion','00:07:05',769758471),(3405992071,'Liquid Rocks','00:05:48',769758471),(3405992081,'A Love Letter...','00:05:14',769758471),(3405992091,'Da Resurrection','00:06:09',769758471),(3427612591,'Atmosphere (The Lost Dubs)','00:08:03',777145171),(3427633221,'Atmospheric Beats','00:07:47',777153171),(3552361061,'Caged Bird (Main Vocal Mix)','00:08:04',820042551),(3552361091,'Caged Bird (Kerri Chandler Remix Instrumental)','00:08:02',820042551);
/*!40000 ALTER TABLE `brano` ENABLE KEYS */;
UNLOCK TABLES;

--
-- Table structure for table `brano_artista`
--

DROP TABLE IF EXISTS `brano_artista`;
/*!40101 SET @saved_cs_client     = @@character_set_client */;
/*!50503 SET character_set_client = utf8mb4 */;
CREATE TABLE `brano_artista` (
  `id_brano` bigint unsigned NOT NULL,
  `id_artista` int NOT NULL,
  PRIMARY KEY (`id_brano`,`id_artista`),
  KEY `id_artista` (`id_artista`),
  CONSTRAINT `brano_artista_ibfk_1` FOREIGN KEY (`id_brano`) REFERENCES `brano` (`id`) ON DELETE CASCADE ON UPDATE CASCADE,
  CONSTRAINT `brano_artista_ibfk_2` FOREIGN KEY (`id_artista`) REFERENCES `artista` (`id`) ON DELETE CASCADE ON UPDATE CASCADE
) ENGINE=InnoDB DEFAULT CHARSET=utf8mb4 COLLATE=utf8mb4_0900_ai_ci;
/*!40101 SET character_set_client = @saved_cs_client */;

--
-- Dumping data for table `brano_artista`
--

LOCK TABLES `brano_artista` WRITE;
/*!40000 ALTER TABLE `brano_artista` DISABLE KEYS */;
INSERT INTO `brano_artista` VALUES (508987082,10029),(768533,11389),(96980032,11389),(465230242,11389),(508987082,11389),(999734252,11389),(1710386537,11389),(1746568077,11389),(1748075227,11389),(1896659217,11389),(1896659227,11389),(1896659257,11389),(1896659267,11389),(1896659277,11389),(1896659287,11389),(2373198055,11389),(2373199005,11389),(2373199175,11389),(2373199185,11389),(2373200085,11389),(2645169482,11389),(2650826692,11389),(2655682942,11389),(2670296922,11389),(2701210182,11389),(3263866321,11389),(3287691381,11389),(3394560251,11389),(3427612591,11389),(3427633221,11389),(3552361061,11389),(3552361091,11389),(1203925002,82971),(2373199005,247106),(3263866321,249216),(3240736371,258260),(1748075227,288125),(1896659267,288125),(2373200085,311396),(926989582,375824),(1180246282,375824),(1277322862,375824),(1749045757,375824),(1749045777,375824),(1710386537,493567),(1334599202,498044),(1334599212,498044),(1334599222,498044),(1334599242,498044),(1334599252,498044),(1334599262,498044),(1334599272,498044),(2734197221,1180177),(3356267951,1180177),(1896659257,1251672),(2317215535,1604314),(1746568077,3810891),(2373199175,3810891),(2373199185,3810891),(465230242,4622361),(2169088677,4858265),(2169088687,4858265),(2169088707,4858265),(2169088717,4858265),(2169088727,4858265),(2698462742,4858265),(2698462762,4858265),(2698462772,4858265),(2698462782,4858265),(2698462792,4858265),(3405992021,4858265),(3405992031,4858265),(3405992041,4858265),(3405992051,4858265),(3405992061,4858265),(3405992071,4858265),(3405992081,4858265),(3405992091,4858265),(111724462,5359276),(493327332,5359276),(493327352,5359276),(493795152,5359276),(585083922,5359276),(750415092,5359276),(750415102,5359276),(1203924992,5359276),(1203925002,5359276),(1203925012,5359276),(1203925022,5359276),(1334599202,5359276),(1334599212,5359276),(1334599222,5359276),(1334599242,5359276),(1334599252,5359276),(1334599262,5359276),(1334599272,5359276),(1454607362,5359276),(1454607372,5359276),(1454607382,5359276),(1454607392,5359276),(1665829422,5359276),(1665829432,5359276),(1665829462,5359276),(2169088677,5359276),(2169088687,5359276),(2169088707,5359276),(2169088717,5359276),(2169088727,5359276),(2290913925,5359276),(2373199175,5359276),(2373199185,5359276),(2496437031,5359276),(2496438481,5359276),(2698462742,5359276),(2698462762,5359276),(2698462772,5359276),(2698462782,5359276),(2698462792,5359276),(3240736371,5359276),(3405992021,5359276),(3405992031,5359276),(3405992041,5359276),(3405992051,5359276),(3405992061,5359276),(3405992071,5359276),(3405992081,5359276),(3405992091,5359276),(493327332,5862156),(493327352,5862156),(938622922,6164532),(938622942,6164532),(985370922,6164532),(1034593402,6164532),(1188031342,6164532),(1198332282,6164532),(1515747392,6164532),(1574117112,6164532),(1622127042,6164532),(2192731347,6164532),(2317215535,6164532),(2376005365,6164532),(2476305041,6164532),(2496438501,6164532),(2616797072,6164532),(2623751452,6164532),(2887979252,6164532),(3356267951,6164532),(91706148,6296240),(938622922,6296240),(938622942,6296240),(1088820912,6296240),(1088820922,6296240),(1198332282,6296240),(1616934122,6296240),(1622127042,6296240),(1938645947,6296240),(2496438501,6296240),(1938645947,7836430),(1896659277,7917570),(1749045757,51335262),(1749045777,51335262),(1896659277,76137882),(1188031342,117787672),(1515747392,117787672),(3287691381,139672102),(1896659227,165883167),(1896659217,181972617),(2169088677,203478207),(2169088687,203478207),(2169088707,203478207),(2169088717,203478207),(2169088727,203478207),(2698462742,203478207),(2698462762,203478207),(2698462772,203478207),(2698462782,203478207),(2698462792,203478207),(3405992021,203478207),(3405992031,203478207),(3405992041,203478207),(3405992051,203478207),(3405992061,203478207),(3405992071,203478207),(3405992081,203478207),(3405992091,203478207),(3552361061,209386677),(3552361091,209386677),(2701210182,234620741);
/*!40000 ALTER TABLE `brano_artista` ENABLE KEYS */;
UNLOCK TABLES;

--
-- Table structure for table `brano_utente`
--

DROP TABLE IF EXISTS `brano_utente`;
/*!40101 SET @saved_cs_client     = @@character_set_client */;
/*!50503 SET character_set_client = utf8mb4 */;
CREATE TABLE `brano_utente` (
  `id_brano` bigint unsigned NOT NULL,
  `id_utente` int NOT NULL,
  PRIMARY KEY (`id_brano`,`id_utente`),
  KEY `id_utente_brano_utente_idx` (`id_utente`),
  CONSTRAINT `id_brano_brano_utente` FOREIGN KEY (`id_brano`) REFERENCES `brano` (`id`) ON DELETE CASCADE ON UPDATE CASCADE,
  CONSTRAINT `id_utente_brano_utente` FOREIGN KEY (`id_utente`) REFERENCES `utente` (`id`) ON DELETE CASCADE ON UPDATE CASCADE
) ENGINE=InnoDB DEFAULT CHARSET=utf8mb4 COLLATE=utf8mb4_0900_ai_ci;
/*!40101 SET character_set_client = @saved_cs_client */;

--
-- Dumping data for table `brano_utente`
--

LOCK TABLES `brano_utente` WRITE;
/*!40000 ALTER TABLE `brano_utente` DISABLE KEYS */;
INSERT INTO `brano_utente` VALUES (91706148,1),(96980032,1),(1334599272,1),(1515747392,1),(1622127042,1),(2376005365,1),(2655682942,1),(2698462762,1),(2701210182,1),(2887979252,1),(1180246282,2),(1203925012,2),(1665829422,2),(1665829432,2),(1746568077,2),(1749045757,2),(2169088707,2),(2373199185,2),(2645169482,2),(2698462742,2),(1088820922,3),(1454607362,3),(1454607382,3),(1454607392,3),(1665829432,3),(1896659257,3),(1896659267,3),(2734197221,3),(3405992031,3),(3405992091,3),(768533,4),(999734252,4),(1034593402,4),(1180246282,4),(1203925022,4),(1277322862,4),(1334599202,4),(1896659217,4),(2373200085,4),(3394560251,4),(508987082,5),(1034593402,5),(1622127042,5),(1896659227,5),(1896659277,5),(2373199005,5),(2373199175,5),(3240736371,5),(3405992051,5),(3552361091,5),(465230242,6),(985370922,6),(1334599212,6),(1454607382,6),(1574117112,6),(2169088677,6),(2496437031,6),(3405992031,6),(3405992091,6),(3552361061,6),(1334599252,7),(1746568077,7),(1896659257,7),(2169088717,7),(2169088727,7),(2317215535,7),(2645169482,7),(2698462792,7),(3287691381,7),(3405992021,7),(750415092,8),(938622922,8),(999734252,8),(1334599202,8),(1454607372,8),(1896659257,8),(2192731347,8),(2376005365,8),(2496437031,8),(3287691381,8),(465230242,9),(493795152,9),(750415092,9),(926989582,9),(999734252,9),(1574117112,9),(2169088707,9),(2290913925,9),(2373198055,9),(2373199185,9),(1088820912,10),(1198332282,10),(1665829422,10),(1665829462,10),(1746568077,10),(2290913925,10),(2496437031,10),(3405992041,10),(3552361061,10),(3552361091,10);
/*!40000 ALTER TABLE `brano_utente` ENABLE KEYS */;
UNLOCK TABLES;

--
-- Table structure for table `commento`
--

DROP TABLE IF EXISTS `commento`;
/*!40101 SET @saved_cs_client     = @@character_set_client */;
/*!50503 SET character_set_client = utf8mb4 */;
CREATE TABLE `commento` (
  `id` int NOT NULL AUTO_INCREMENT,
  `testo` text NOT NULL,
  `data_pubblicazione` datetime DEFAULT CURRENT_TIMESTAMP,
  `id_utente` int DEFAULT NULL,
  `id_passaggio` int NOT NULL,
  `id_commento_padre` int DEFAULT NULL,
  PRIMARY KEY (`id`),
  KEY `id_utente` (`id_utente`),
  KEY `id_passaggio` (`id_passaggio`),
  KEY `id_commento_padre` (`id_commento_padre`),
  CONSTRAINT `commento_ibfk_1` FOREIGN KEY (`id_utente`) REFERENCES `utente` (`id`) ON DELETE SET NULL ON UPDATE CASCADE,
  CONSTRAINT `commento_ibfk_2` FOREIGN KEY (`id_passaggio`) REFERENCES `passaggio` (`id`) ON DELETE CASCADE ON UPDATE CASCADE,
  CONSTRAINT `commento_ibfk_3` FOREIGN KEY (`id_commento_padre`) REFERENCES `commento` (`id`) ON DELETE SET NULL ON UPDATE CASCADE
) ENGINE=InnoDB AUTO_INCREMENT=2009 DEFAULT CHARSET=utf8mb4 COLLATE=utf8mb4_0900_ai_ci;
/*!40101 SET character_set_client = @saved_cs_client */;

--
-- Dumping data for table `commento`
--

LOCK TABLES `commento` WRITE;
/*!40000 ALTER TABLE `commento` DISABLE KEYS */;
INSERT INTO `commento` VALUES (1,'Sono della tua stessa opinione','2025-09-04 18:29:53',1,1,601),(2,'No, non ci siamo!','2025-09-04 18:52:28',1,1,NULL),(3,'Bene, ma si potrebbe fare un crossfade diverso','2025-09-28 16:38:33',1,2,NULL),(4,'L\'ho provato. Pensavo peggio, e invece suona abbastanza bene','2025-09-27 22:27:54',1,2,404),(5,'Sono della tua stessa opinione','2025-09-11 20:02:15',1,3,1406),(6,'Sono della tua stessa opinione','2025-09-17 17:39:42',1,3,1805),(7,'Non riesco a capire il senso di questo mix','2025-02-08 17:28:27',1,4,NULL),(8,'L\'ho provato anch\'io e la penso come te','2025-09-14 16:43:20',1,4,1208),(9,'Sembra che tu abbia messo insieme due canzoni a caso','2025-09-07 23:10:29',1,5,NULL),(10,'Io ci metterei un altro brano come secondo. Questo non c\'entra nulla con il primo','2025-09-04 01:19:57',1,5,NULL),(11,'Hai ragione','2025-08-29 15:28:02',1,6,1012),(12,'Sono della tua stessa opinione','2025-09-28 22:40:19',1,6,1011),(13,'Non mi piace per niente','2025-03-02 17:09:38',1,7,NULL),(14,'No, non ci siamo!','2025-04-07 11:32:19',1,7,NULL),(15,'Non mi piace per niente','2025-09-26 00:04:07',1,8,NULL),(16,'Io invece lo trovo un mix orrendo','2025-09-17 01:58:28',1,8,1815),(17,'Fantastico, complimenti!','2025-08-15 16:50:01',1,9,NULL),(18,'Ottimo lavoro, bravissimo!','2025-09-14 20:51:04',1,9,NULL),(19,'Non puoi mettere insieme questi due brani dai, sono troppo diversi!','2025-09-07 09:21:24',1,10,NULL),(20,'Non mi piace per niente','2025-09-26 04:46:01',1,10,NULL),(21,'Non riesco a capire il senso di questo mix','2025-09-20 07:04:03',1,11,NULL),(22,'L\'ho provato anch\'io e la penso come te','2025-09-21 21:04:45',1,11,821),(23,'Sono d\'accordo con te','2025-09-29 00:54:31',1,12,1624),(24,'Concordo pienamente','2025-09-28 23:35:14',1,12,1023),(25,'Io ci metterei un altro brano come secondo. Questo non c\'entra nulla con il primo','2025-08-27 23:47:11',1,13,NULL),(26,'Non riesco a capire il senso di questo mix','2025-09-25 06:17:08',1,13,NULL),(27,'Concordo pienamente','2025-06-26 15:35:58',1,14,28),(28,'Non mi piace per niente','2025-07-09 01:58:51',1,14,NULL),(29,'Esatto','2025-09-13 00:29:06',1,15,229),(30,'Esatto','2025-09-27 21:21:13',1,15,1830),(31,'Anche io la penso così','2025-05-22 17:01:11',1,16,1631),(32,'Non riesco a capire il senso di questo mix','2025-06-20 09:49:28',1,16,NULL),(33,'Concordo pienamente','2025-09-29 09:49:47',1,17,1234),(34,'Non mi piace per niente','2025-09-25 03:41:18',1,17,NULL),(35,'Sembra che tu abbia messo insieme due canzoni a caso','2025-09-04 03:23:38',1,18,NULL),(36,'Non sono d\'accordo, secondo me è un pessimo mix','2025-08-25 09:00:15',1,18,1836),(37,'Sembra che tu abbia messo insieme due canzoni a caso','2025-07-30 11:19:27',1,19,NULL),(38,'Esatto','2025-08-26 07:25:48',1,19,437),(39,'Non è un mix orrendo dai','2025-08-07 02:10:03',1,20,440),(40,'Non è un mix orrendo dai','2025-07-23 23:34:15',1,20,639),(41,'Anche io la penso così','2025-07-08 08:04:21',1,21,1042),(42,'Io invece lo trovo un mix mal riuscito','2025-09-19 08:05:10',1,21,1841),(43,'L\'ho provato anch\'io e la penso come te','2025-07-26 05:09:27',1,22,444),(44,'Sembra che tu abbia messo insieme due canzoni a caso','2025-04-22 03:21:15',1,22,NULL),(45,'Concordo pienamente','2025-09-28 21:34:44',1,23,645),(46,'Sembra che tu abbia messo insieme due canzoni a caso','2025-09-29 07:16:55',1,23,NULL),(47,'Non mi piace per niente','2025-07-24 06:55:33',1,24,NULL),(48,'Secondo me è un pessimo accostamento','2025-05-27 16:20:36',1,24,247),(49,'Io ci metterei un altro brano come secondo. Questo non c\'entra nulla con il primo','2025-09-24 08:37:45',1,25,NULL),(50,'Io invece lo trovo un mix orrendo','2025-08-22 06:47:43',1,25,1249),(51,'Concordo pienamente','2025-07-31 10:44:43',1,26,651),(52,'Non riesco a capire il senso di questo mix','2025-06-24 04:08:58',1,26,NULL),(53,'L\'ho provato ma non viene bene per niente','2025-06-30 15:11:45',1,27,1054),(54,'Non riesco a capire il senso di questo mix','2025-07-14 13:52:09',1,27,NULL),(55,'No, non ci siamo!','2025-09-07 07:10:11',1,28,NULL),(56,'No, non ci siamo!','2025-09-11 21:45:06',1,28,NULL),(57,'Sono della tua stessa opinione','2025-08-18 18:32:24',1,29,1458),(58,'Sembra che tu abbia messo insieme due canzoni a caso','2025-06-23 18:34:01',1,29,NULL),(59,'Non sono d\'accordo, secondo me è un pessimo mix','2025-09-12 19:55:53',1,30,1860),(60,'Secondo me è un pessimo accostamento','2025-09-26 14:08:18',1,30,1060),(61,'L\'ho provato anch\'io e la penso come te','2025-08-12 04:59:04',1,31,1261),(62,'Hai ragione','2025-08-23 10:49:26',1,31,461),(63,'Io ci metterei un altro brano come secondo. Questo non c\'entra nulla con il primo','2025-07-23 16:23:41',1,32,NULL),(64,'Non mi piace per niente','2025-01-29 14:52:14',1,32,NULL),(65,'Io invece lo trovo un mix mal riuscito','2025-09-28 07:07:43',1,33,865),(66,'Io ci metterei un altro brano come secondo. Questo non c\'entra nulla con il primo','2025-09-29 07:00:11',1,33,NULL),(67,'Pessimo accostamento','2025-08-11 16:37:04',1,34,NULL),(68,'Mi trovo d\'accordo con te','2025-09-08 04:05:51',1,34,1068),(69,'Bellissimo mix','2025-07-21 09:44:52',1,35,NULL),(70,'A me invece piace molto questo mix','2025-06-30 16:23:29',1,35,1469),(71,'Pessimo accostamento','2025-09-20 12:12:19',1,36,NULL),(72,'L\'ho provato anch\'io e la penso come te','2025-09-20 00:37:47',1,36,1271),(73,'Io ci metterei un altro brano come secondo. Questo non c\'entra nulla con il primo','2025-08-08 15:41:58',1,37,NULL),(74,'Io invece lo trovo un mix orrendo','2025-09-15 08:31:20',1,37,1673),(75,'Concordo pienamente','2025-09-16 15:59:35',1,38,1876),(76,'Esatto','2025-05-16 08:57:44',1,38,675),(77,'Sono d\'accordo con te','2025-06-08 06:42:23',1,39,1477),(78,'Concordo pienamente','2025-06-15 21:42:21',1,39,1877),(79,'Non è un mix orrendo dai','2025-08-24 05:54:47',1,40,479),(80,'L\'ho provato. Pensavo peggio, e invece suona abbastanza bene','2025-06-14 09:44:13',1,40,480),(81,'Io invece lo trovo un mix ben riuscito','2025-09-16 06:27:29',1,41,1881),(82,'Ottimo lavoro, bravissimo!','2025-07-28 20:22:25',1,41,NULL),(83,'Secondo me invece è un pessimo accostamento','2025-09-28 23:03:53',1,42,284),(84,'No, non ci siamo!','2025-09-27 21:37:51',1,42,NULL),(85,'L\'ho provato anch\'io e la penso come te','2025-07-10 15:34:24',1,43,1486),(86,'No, non ci siamo!','2025-09-09 07:52:59',1,43,NULL),(87,'Non puoi mettere insieme questi due brani dai, sono troppo diversi!','2025-09-01 03:41:24',1,44,NULL),(88,'Sono della tua stessa opinione','2025-07-26 20:00:10',1,44,687),(89,'Hai ragione','2025-05-25 03:24:59',1,45,1890),(90,'Non mi piace per niente','2025-08-02 04:17:55',1,45,NULL),(91,'Il secondo pezzo dovrebbe entrare più tardi','2025-08-20 01:55:13',1,46,NULL),(92,'Non è un mix da buttare via','2025-03-08 15:51:54',1,46,1891),(93,'Anche io la penso così','2025-07-20 12:21:33',1,47,494),(94,'Non riesco a capire il senso di questo mix','2025-08-12 17:19:04',1,47,NULL),(95,'No, non ci siamo!','2025-08-08 19:54:55',1,48,NULL),(96,'Esatto','2025-09-22 06:08:22',1,48,95),(97,'Non riesco a capire il senso di questo mix','2025-09-14 20:31:24',1,49,NULL),(98,'No, non ci siamo!','2025-04-07 03:25:30',1,49,NULL),(99,'Esatto','2025-07-30 01:42:42',1,50,299),(100,'Non mi piace per niente','2025-09-24 01:03:45',1,50,NULL),(101,'Sono d\'accordo con te','2025-08-21 13:52:55',1,51,301),(102,'No, non ci siamo!','2025-09-23 06:15:40',1,51,NULL),(103,'Mi trovo d\'accordo con te','2025-09-03 03:26:49',1,52,1104),(104,'Sembra che tu abbia messo insieme due canzoni a caso','2025-04-27 14:51:23',1,52,NULL),(105,'Secondo me è un ottimo accostamento invece','2025-04-17 07:25:59',1,53,305),(106,'Non riesco a smettere di ascoltarlo','2025-09-27 01:39:05',1,53,NULL),(107,'Sono della tua stessa opinione','2025-09-01 09:59:26',1,54,1308),(108,'Non mi piace per niente','2025-07-25 09:02:35',1,54,NULL),(109,'Hai ragione','2025-06-18 06:47:04',1,55,709),(110,'Pessimo accostamento','2025-08-03 07:11:49',1,55,NULL),(111,'L\'ho provato ma non viene bene per niente','2025-07-18 00:38:05',1,56,512),(112,'Non puoi mettere insieme questi due brani dai, sono troppo diversi!','2025-09-03 18:10:09',1,56,NULL),(113,'Io ci metterei un altro brano come secondo. Questo non c\'entra nulla con il primo','2025-07-29 09:16:28',1,57,NULL),(114,'Io ci metterei un altro brano come secondo. Questo non c\'entra nulla con il primo','2025-08-09 17:55:02',1,57,NULL),(115,'Concordo pienamente','2025-07-17 07:43:31',1,58,915),(116,'Sono della tua stessa opinione','2025-09-14 11:28:41',1,58,115),(117,'L\'ho provato. Pensavo peggio, e invece suona abbastanza bene','2025-09-25 20:12:17',1,59,918),(118,'Secondo me non è un mix pessimo','2025-06-10 13:40:41',1,59,917),(119,'Esatto','2025-07-24 06:49:50',1,60,1919),(120,'Concordo pienamente','2025-08-07 23:59:52',1,60,1319),(121,'Non mi piace per niente','2025-05-26 09:18:41',1,61,NULL),(122,'Non riesco a capire il senso di questo mix','2025-05-15 02:41:08',1,61,NULL),(123,'Io invece lo trovo un mix mal riuscito','2025-04-28 03:51:24',1,62,723),(124,'Esatto','2025-06-30 03:38:43',1,62,924),(125,'Non mi piace per niente','2025-08-05 12:42:41',1,63,NULL),(126,'Concordo pienamente','2025-07-15 02:19:39',1,63,526),(127,'Assolutamente da ascoltare','2025-04-21 07:15:40',1,64,NULL),(128,'Secondo me è un ottimo accostamento invece','2025-08-31 15:00:22',1,64,1328),(129,'Hai ragione','2025-09-27 01:36:48',1,65,1930),(130,'Anche io la penso così','2025-08-02 01:05:24',1,65,929),(131,'Non mi piace per niente','2025-08-30 01:02:31',1,66,NULL),(132,'Non mi piace per niente','2025-09-28 00:27:34',1,66,NULL),(133,'Sembra che tu abbia messo insieme due canzoni a caso','2025-09-08 14:02:05',1,67,NULL),(134,'Anche io la penso così','2025-09-05 04:39:37',1,67,1733),(135,'Bellissimo mix','2025-09-25 16:25:23',1,68,NULL),(136,'Bellissimo mix','2025-09-18 23:46:03',1,68,NULL),(137,'Bene, ma si potrebbe fare un crossfade diverso','2025-07-08 13:26:09',1,69,NULL),(138,'Il mix potrebbe essere più fluido','2025-08-06 18:26:52',1,69,NULL),(139,'No, non ci siamo!','2025-03-07 03:13:51',1,70,NULL),(140,'Esatto','2025-09-03 17:19:57',1,70,539),(141,'Non riesco a capire il senso di questo mix','2025-04-13 18:16:06',1,71,NULL),(142,'Sono della tua stessa opinione','2025-05-30 11:53:41',1,71,942),(143,'L\'ho provato anch\'io e la penso come te','2025-05-12 09:05:53',1,72,943),(144,'Pessimo accostamento','2025-08-21 05:50:29',1,72,NULL),(145,'Sono della tua stessa opinione','2025-09-13 16:50:54',1,73,745),(146,'Sono della tua stessa opinione','2025-09-19 23:21:49',1,73,1145),(147,'Io invece lo trovo un mix orrendo','2025-06-06 04:21:27',1,74,1147),(148,'Mi trovo d\'accordo con te','2025-08-14 17:39:54',1,74,1548),(149,'Esatto','2025-07-31 06:55:32',1,75,749),(150,'Esatto','2025-07-09 10:30:32',1,75,1550),(151,'Non mi piace per niente','2025-04-07 11:59:06',1,76,NULL),(152,'Io invece lo trovo un mix mal riuscito','2025-06-17 00:09:47',1,76,1951),(153,'Mi trovo d\'accordo con te','2025-06-23 18:56:28',1,77,1953),(154,'Pessimo accostamento','2025-03-28 08:28:53',1,77,NULL),(155,'Sembra che tu abbia messo insieme due canzoni a caso','2025-08-28 10:11:53',1,78,NULL),(156,'Non puoi mettere insieme questi due brani dai, sono troppo diversi!','2025-07-19 03:57:23',1,78,NULL),(157,'Io ci metterei un altro brano come secondo. Questo non c\'entra nulla con il primo','2025-09-11 19:35:48',1,79,NULL),(158,'Anche io la penso così','2025-09-27 11:18:40',1,79,1957),(159,'Non riesco a capire il senso di questo mix','2025-08-20 20:56:18',1,80,NULL),(160,'No, non ci siamo!','2025-08-09 18:31:44',1,80,NULL),(161,'L\'ho provato anch\'io e la penso come te','2025-04-25 23:21:52',1,81,961),(162,'Hai ragione','2025-06-22 18:21:19',1,81,961),(163,'Sono d\'accordo con te','2025-09-24 20:17:37',1,82,564),(164,'Non mi piace per niente','2025-08-22 07:07:47',1,82,NULL),(165,'Mi trovo d\'accordo con te','2025-05-19 16:18:02',1,83,1365),(166,'Hai ragione','2025-06-11 10:47:08',1,83,365),(167,'Sono della tua stessa opinione','2025-08-08 04:48:36',1,84,1168),(168,'Hai ragione','2025-07-07 09:51:18',1,84,1567),(169,'Non puoi mettere insieme questi due brani dai, sono troppo diversi!','2025-08-28 23:38:10',1,85,NULL),(170,'L\'ho provato anch\'io e la penso come te','2025-08-17 00:38:54',1,85,1170),(171,'Sembra che tu abbia messo insieme due canzoni a caso','2025-05-08 19:00:43',1,86,NULL),(172,'Hai ragione','2025-08-06 06:53:25',1,86,1171),(173,'Anche io la penso così','2025-09-18 17:15:05',1,87,1773),(174,'Non sono d\'accordo, secondo me è un pessimo mix','2025-09-29 17:25:36',1,87,974),(175,'Pessimo accostamento','2025-09-25 16:52:06',1,88,NULL),(176,'Mi trovo d\'accordo con te','2025-07-28 19:24:18',1,88,1776),(177,'Ottimo lavoro, bravissimo!','2025-07-11 05:45:24',1,89,NULL),(178,'Io invece lo trovo un mix fantastico','2025-08-01 04:00:36',1,89,1777),(179,'No, non ci siamo!','2025-03-17 18:06:44',1,90,NULL),(180,'Mi trovo d\'accordo con te','2025-06-23 10:49:49',1,90,1580),(181,'Esatto','2025-09-12 06:42:35',1,91,1781),(182,'Esatto','2025-04-24 19:34:43',1,91,1982),(183,'Mi trovo d\'accordo con te','2025-06-01 02:38:28',1,92,783),(184,'Non mi piace per niente','2025-07-21 12:46:02',1,92,NULL),(185,'Io ci metterei un altro brano come secondo. Questo non c\'entra nulla con il primo','2025-04-27 21:32:53',1,93,NULL),(186,'Io invece lo trovo un mix mal riuscito','2025-06-25 15:50:14',1,93,1785),(187,'Sembra che tu abbia messo insieme due canzoni a caso','2025-09-19 05:21:21',1,94,NULL),(188,'Sono della tua stessa opinione','2025-08-07 05:15:12',1,94,787),(189,'Mi trovo d\'accordo con te','2025-08-28 02:21:29',1,95,1990),(190,'L\'ho provato anch\'io e la penso come te','2025-08-18 15:49:34',1,95,1389),(191,'Non riesco a capire il senso di questo mix','2025-09-29 04:37:44',1,96,NULL),(192,'Non riesco a capire il senso di questo mix','2025-09-27 11:03:29',1,96,NULL),(193,'Esatto','2025-09-27 20:58:12',1,97,1593),(194,'Mi trovo d\'accordo con te','2025-09-02 16:44:04',1,97,1793),(195,'Sono della tua stessa opinione','2025-07-29 05:48:57',1,98,996),(196,'Io ci metterei un altro brano come secondo. Questo non c\'entra nulla con il primo','2025-04-21 23:51:16',1,98,NULL),(197,'Mi trovo d\'accordo con te','2025-05-22 16:14:18',1,99,1998),(198,'Non mi piace per niente','2025-08-28 00:12:23',1,99,NULL),(199,'Io ci metterei un altro brano come secondo. Questo non c\'entra nulla con il primo','2025-09-02 19:33:14',1,100,NULL),(200,'Sono d\'accordo con te','2025-07-29 01:27:21',1,100,1600),(201,'Hai ragione','2025-09-01 08:18:36',2,1,1801),(202,'Io ci metterei un altro brano come secondo. Questo non c\'entra nulla con il primo','2025-09-28 04:39:02',2,1,NULL),(203,'Io invece lo trovo un mix orrendo','2025-09-28 18:07:08',2,2,3),(204,'Sono della tua stessa opinione','2025-09-27 16:24:04',2,2,203),(205,'L\'ho provato anch\'io e la penso come te','2025-09-12 01:04:51',2,3,1205),(206,'Pessimo accostamento','2025-09-05 16:48:15',2,3,NULL),(207,'Ottimo lavoro, bravissimo!','2025-06-20 01:16:40',2,4,NULL),(208,'A me piace questo mix, lo trovo ben fatto','2025-07-14 12:29:34',2,4,608),(209,'Anche io la penso così','2025-08-27 16:44:21',2,5,1609),(210,'Io ci metterei un altro brano come secondo. Questo non c\'entra nulla con il primo','2025-09-12 10:15:58',2,5,NULL),(211,'Non è un mix da buttare via','2025-08-25 02:02:45',2,6,1211),(212,'Il secondo pezzo dovrebbe entrare più tardi','2025-09-18 04:52:12',2,6,NULL),(213,'No, non ci siamo!','2025-02-06 22:58:23',2,7,NULL),(214,'Sembra che tu abbia messo insieme due canzoni a caso','2025-07-17 14:22:40',2,7,NULL),(215,'Pessimo accostamento','2025-09-15 08:37:34',2,8,NULL),(216,'Anche io la penso così','2025-09-25 21:06:51',2,8,1616),(217,'Pessimo accostamento','2025-07-03 03:16:29',2,9,NULL),(218,'Non puoi mettere insieme questi due brani dai, sono troppo diversi!','2025-04-10 06:37:09',2,9,NULL),(219,'Bene, ma si potrebbe fare un crossfade diverso','2025-07-23 02:05:58',2,10,NULL),(220,'L\'ho provato anch\'io e la penso come te','2025-07-04 07:57:36',2,10,219),(221,'Anche io la penso così','2025-09-28 09:20:45',2,11,22),(222,'Non puoi mettere insieme questi due brani dai, sono troppo diversi!','2025-09-26 21:24:33',2,11,NULL),(223,'Esatto','2025-09-29 17:29:44',2,12,1423),(224,'Non puoi mettere insieme questi due brani dai, sono troppo diversi!','2025-09-29 10:30:07',2,12,NULL),(225,'Sembra che tu abbia messo insieme due canzoni a caso','2025-09-06 05:55:01',2,13,NULL),(226,'Concordo pienamente','2025-07-31 12:07:16',2,13,1826),(227,'Pessimo accostamento','2025-07-17 10:06:25',2,14,NULL),(228,'Sono d\'accordo con te','2025-04-05 12:33:33',2,14,1227),(229,'No, non ci siamo!','2025-09-01 01:57:21',2,15,NULL),(230,'L\'ho provato anch\'io e la penso come te','2025-08-25 13:17:47',2,15,30),(231,'Non mi piace per niente','2025-06-06 22:19:31',2,16,NULL),(232,'Non riesco a capire il senso di questo mix','2025-08-13 05:21:13',2,16,NULL),(233,'Sono d\'accordo con te','2025-09-23 06:06:46',2,17,1233),(234,'Non puoi mettere insieme questi due brani dai, sono troppo diversi!','2025-09-29 04:55:59',2,17,NULL),(235,'Non puoi mettere insieme questi due brani dai, sono troppo diversi!','2025-09-27 19:33:46',2,18,NULL),(236,'Sono d\'accordo con te','2025-08-07 20:21:25',2,18,835),(237,'Mi trovo d\'accordo con te','2025-07-12 06:38:45',2,19,1038),(238,'Non sono d\'accordo, secondo me è un pessimo mix','2025-07-06 12:12:37',2,19,1638),(239,'Non puoi mettere insieme questi due brani dai, sono troppo diversi!','2025-09-03 16:51:02',2,20,NULL),(240,'Pessimo accostamento','2025-09-19 08:25:00',2,20,NULL),(241,'Mi trovo d\'accordo con te','2025-09-23 18:17:21',2,21,1041),(242,'Io ci metterei un altro brano come secondo. Questo non c\'entra nulla con il primo','2025-07-14 23:58:16',2,21,NULL),(243,'Bene, ma si potrebbe fare un crossfade diverso','2025-06-26 14:56:14',2,22,NULL),(244,'Mi è piaciuto, ma ci sono margini di miglioramento','2025-08-11 18:04:20',2,22,NULL),(245,'Non è un mix da cestinare','2025-09-23 11:35:00',2,23,446),(246,'L\'ho provato. Pensavo peggio, e invece suona abbastanza bene','2025-09-21 13:38:45',2,23,1846),(247,'Non è un mix orrendo dai','2025-07-17 23:51:49',2,24,848),(248,'L\'ho provato e non era male, ma non mi ha entusiasmato','2025-08-10 06:31:29',2,24,NULL),(249,'L\'ho provato anch\'io e la penso come te','2025-08-19 03:04:21',2,25,1449),(250,'Pessimo accostamento','2025-09-10 22:18:29',2,25,NULL),(251,'Anche io la penso così','2025-05-23 07:16:17',2,26,851),(252,'Non riesco a capire il senso di questo mix','2025-06-08 13:00:14',2,26,NULL),(253,'Anche io la penso così','2025-08-03 20:15:53',2,27,1254),(254,'Non mi piace per niente','2025-07-06 12:50:48',2,27,NULL),(255,'Io invece lo trovo un mix interessante','2025-08-22 00:49:39',2,28,1856),(256,'Non riesco a smettere di ascoltarlo','2025-08-18 20:21:55',2,28,NULL),(257,'Io invece lo trovo un mix orrendo','2025-09-12 16:02:26',2,29,1258),(258,'Pessimo accostamento','2025-07-07 13:40:26',2,29,NULL),(259,'Io ci metterei un altro brano come secondo. Questo non c\'entra nulla con il primo','2025-03-20 11:34:19',2,30,NULL),(260,'Mi trovo d\'accordo con te','2025-01-22 21:37:30',2,30,860),(261,'L\'ho provato anch\'io e la penso come te','2025-09-01 01:16:24',2,31,1862),(262,'Sono d\'accordo con te','2025-08-22 22:15:35',2,31,1462),(263,'Pessimo accostamento','2025-03-09 04:27:48',2,32,NULL),(264,'Hai ragione','2025-02-09 18:01:47',2,32,1864),(265,'Io invece lo trovo un mix mal riuscito','2025-09-28 12:42:40',2,33,1266),(266,'Mi trovo d\'accordo con te','2025-09-28 19:21:27',2,33,465),(267,'No, non ci siamo!','2025-08-12 20:07:53',2,34,NULL),(268,'Io ci metterei un altro brano come secondo. Questo non c\'entra nulla con il primo','2025-08-24 15:58:05',2,34,NULL),(269,'Hai ragione','2025-07-17 16:09:20',2,35,1469),(270,'Sembra che tu abbia messo insieme due canzoni a caso','2025-09-01 10:04:02',2,35,NULL),(271,'Io ci metterei un altro brano come secondo. Questo non c\'entra nulla con il primo','2025-09-27 09:30:11',2,36,NULL),(272,'Non mi piace per niente','2025-09-23 02:11:00',2,36,NULL),(273,'Non mi piace per niente','2025-09-04 08:56:48',2,37,NULL),(274,'Sono d\'accordo con te','2025-08-13 22:35:43',2,37,1273),(275,'Sembra che tu abbia messo insieme due canzoni a caso','2025-08-27 18:51:40',2,38,NULL),(276,'Hai ragione','2025-04-30 02:43:51',2,38,675),(277,'Concordo pienamente','2025-07-09 09:05:28',2,39,1078),(278,'Esatto','2025-07-06 23:20:44',2,39,1078),(279,'Non riesco a capire il senso di questo mix','2025-08-25 01:55:42',2,40,NULL),(280,'Sembra che tu abbia messo insieme due canzoni a caso','2025-04-01 01:25:56',2,40,NULL),(281,'Non puoi mettere insieme questi due brani dai, sono troppo diversi!','2025-07-16 04:06:34',2,41,NULL),(282,'Non sono d\'accordo, secondo me è un pessimo mix','2025-08-09 16:37:14',2,41,481),(283,'Mi piace molto questo pezzo','2025-09-27 09:08:12',2,42,NULL),(284,'Super consigliato!','2025-09-28 19:29:34',2,42,NULL),(285,'Hai ragione','2025-07-16 05:08:02',2,43,886),(286,'Pessimo accostamento','2025-09-05 04:53:30',2,43,NULL),(287,'Io ci metterei un altro brano come secondo. Questo non c\'entra nulla con il primo','2025-07-24 10:46:33',2,44,NULL),(288,'L\'ho provato anch\'io e la penso come te','2025-07-04 12:09:55',2,44,688),(289,'Esatto','2025-06-12 21:45:55',2,45,1090),(290,'No, non ci siamo!','2025-05-20 04:28:59',2,45,NULL),(291,'Non riesco a capire il senso di questo mix','2025-03-23 01:28:53',2,46,NULL),(292,'Anche io la penso così','2025-07-13 21:39:50',2,46,1491),(293,'Io ci metterei un altro brano come secondo. Questo non c\'entra nulla con il primo','2025-07-13 10:48:59',2,47,NULL),(294,'Sono della tua stessa opinione','2025-09-23 16:07:46',2,47,693),(295,'Non mi piace per niente','2025-08-13 01:48:08',2,48,NULL),(296,'Secondo me è un pessimo accostamento','2025-07-17 15:31:30',2,48,895),(297,'Concordo pienamente','2025-03-16 10:33:18',2,49,1497),(298,'Mi trovo d\'accordo con te','2025-06-14 10:04:12',2,49,697),(299,'Io invece lo trovo un mix orrendo','2025-06-06 23:18:46',2,50,500),(300,'L\'ho provato anch\'io e la penso come te','2025-09-12 05:50:25',2,50,1299),(301,'Hai ragione','2025-05-29 06:57:25',2,51,101),(302,'Non puoi mettere insieme questi due brani dai, sono troppo diversi!','2025-07-20 10:09:54',2,51,NULL),(303,'Non puoi mettere insieme questi due brani dai, sono troppo diversi!','2025-02-04 13:39:28',2,52,NULL),(304,'Non riesco a capire il senso di questo mix','2025-08-13 09:47:06',2,52,NULL),(305,'L\'ho provato anch\'io e la penso come te','2025-06-27 15:47:51',2,53,506),(306,'L\'ho provato anch\'io e la penso come te','2025-08-27 20:40:29',2,53,506),(307,'Hai ragione','2025-09-13 13:39:26',2,54,508),(308,'Sembra che tu abbia messo insieme due canzoni a caso','2025-09-12 19:44:19',2,54,NULL),(309,'Non riesco a capire il senso di questo mix','2025-07-31 06:33:40',2,55,NULL),(310,'Hai ragione','2025-07-13 13:14:10',2,55,1110),(311,'Io ci metterei un altro brano come secondo. Questo non c\'entra nulla con il primo','2025-06-22 13:20:36',2,56,NULL),(312,'Sembra che tu abbia messo insieme due canzoni a caso','2025-06-28 00:43:20',2,56,NULL),(313,'Non mi piace per niente','2025-09-15 09:22:12',2,57,NULL),(314,'Concordo pienamente','2025-08-04 14:31:10',2,57,113),(315,'L\'ho provato anch\'io e la penso come te','2025-05-09 01:26:43',2,58,716),(316,'Mi trovo d\'accordo con te','2025-08-07 07:57:22',2,58,116),(317,'Io ci metterei un altro brano come secondo. Questo non c\'entra nulla con il primo','2025-06-23 18:11:58',2,59,NULL),(318,'Pessimo accostamento','2025-04-29 18:36:30',2,59,NULL),(319,'L\'ho provato e non era male, ma non mi ha entusiasmato','2025-09-02 05:38:02',2,60,NULL),(320,'Non è un mix da cestinare','2025-07-07 16:29:17',2,60,519),(321,'Bellissimo mix','2025-09-18 04:46:53',2,61,NULL),(322,'Bellissimo mix','2025-06-26 13:28:31',2,61,NULL),(323,'Mi trovo d\'accordo con te','2025-03-17 03:19:50',2,62,1123),(324,'Non puoi mettere insieme questi due brani dai, sono troppo diversi!','2025-06-11 12:15:05',2,62,NULL),(325,'Secondo me invece è un pessimo accostamento','2025-07-09 21:42:57',2,63,1925),(326,'L\'ho provato anch\'io e la penso come te','2025-09-23 01:22:11',2,63,126),(327,'Anche io la penso così','2025-02-28 16:34:23',2,64,328),(328,'Pessimo accostamento','2025-09-12 17:08:04',2,64,NULL),(329,'L\'ho provato anch\'io e la penso come te','2025-08-11 01:00:52',2,65,1130),(330,'Anche io la penso così','2025-09-07 05:19:57',2,65,529),(331,'Non riesco a capire il senso di questo mix','2025-08-11 04:14:06',2,66,NULL),(332,'Non puoi mettere insieme questi due brani dai, sono troppo diversi!','2025-09-12 22:01:03',2,66,NULL),(333,'Mi trovo d\'accordo con te','2025-09-13 00:48:49',2,67,733),(334,'No, non ci siamo!','2025-09-28 07:38:55',2,67,NULL),(335,'Esatto','2025-09-13 18:32:33',2,68,735),(336,'Non puoi mettere insieme questi due brani dai, sono troppo diversi!','2025-09-04 07:35:44',2,68,NULL),(337,'Concordo pienamente','2025-08-29 03:39:33',2,69,1338),(338,'Non sono d\'accordo, secondo me è un pessimo mix','2025-08-24 19:34:18',2,69,137),(339,'Io invece lo trovo un mix interessante','2025-07-10 21:44:01',2,70,1939),(340,'Super consigliato!','2025-04-19 08:01:41',2,70,NULL),(341,'Sono d\'accordo con te','2025-09-08 22:17:00',2,71,742),(342,'Anche io la penso così','2025-08-13 17:10:31',2,71,1941),(343,'Non mi piace per niente','2025-08-31 19:55:38',2,72,NULL),(344,'Mi trovo d\'accordo con te','2025-06-08 05:45:42',2,72,543),(345,'L\'ho provato anch\'io e la penso come te','2025-06-22 11:25:18',2,73,1545),(346,'Mi trovo d\'accordo con te','2025-07-04 03:19:30',2,73,1946),(347,'Mi piace molto questo pezzo','2025-06-12 22:37:16',2,74,NULL),(348,'A me piace questo mix, lo trovo ben fatto','2025-07-26 17:07:53',2,74,747),(349,'Io ci metterei un altro brano come secondo. Questo non c\'entra nulla con il primo','2025-07-04 21:57:24',2,75,NULL),(350,'Hai ragione','2025-06-30 03:44:44',2,75,949),(351,'Hai ragione','2025-06-29 23:23:33',2,76,1751),(352,'Io invece lo trovo un mix orrendo','2025-04-20 13:43:56',2,76,1551),(353,'Non puoi mettere insieme questi due brani dai, sono troppo diversi!','2025-05-28 20:09:43',2,77,NULL),(354,'Hai ragione','2025-07-07 17:31:21',2,77,953),(355,'Secondo me è un ottimo accostamento invece','2025-04-29 05:35:43',2,78,755),(356,'Io invece lo trovo un mix fantastico','2025-07-21 17:17:44',2,78,156),(357,'No, non ci siamo!','2025-04-23 19:09:44',2,79,NULL),(358,'No, non ci siamo!','2025-05-12 15:55:10',2,79,NULL),(359,'Secondo me è un pessimo accostamento','2025-08-25 03:50:23',2,80,1559),(360,'Non riesco a capire il senso di questo mix','2025-08-14 00:46:35',2,80,NULL),(361,'Pessimo accostamento','2025-05-25 00:06:39',2,81,NULL),(362,'Esatto','2025-02-03 06:09:40',2,81,1162),(363,'Non è un mix da buttare via','2025-08-17 02:46:27',2,82,164),(364,'Secondo me non è un mix pessimo','2025-08-05 22:41:36',2,82,1164),(365,'Sembra che tu abbia messo insieme due canzoni a caso','2025-06-07 06:19:24',2,83,NULL),(366,'L\'ho provato anch\'io e la penso come te','2025-07-29 20:00:16',2,83,166),(367,'Concordo pienamente','2025-09-04 11:15:29',2,84,167),(368,'Non puoi mettere insieme questi due brani dai, sono troppo diversi!','2025-07-04 17:25:30',2,84,NULL),(369,'Pessimo accostamento','2025-08-13 17:40:34',2,85,NULL),(370,'No, non ci siamo!','2025-09-06 12:18:19',2,85,NULL),(371,'Concordo pienamente','2025-06-10 15:22:06',2,86,1372),(372,'Non puoi mettere insieme questi due brani dai, sono troppo diversi!','2025-07-12 05:31:18',2,86,NULL),(373,'Anche io la penso così','2025-09-27 07:17:22',2,87,1774),(374,'Non riesco a capire il senso di questo mix','2025-09-20 13:45:02',2,87,NULL),(375,'Mi trovo d\'accordo con te','2025-06-25 16:59:25',2,88,1176),(376,'Sono della tua stessa opinione','2025-07-10 15:18:52',2,88,375),(377,'Non riesco a capire il senso di questo mix','2025-06-02 18:56:30',2,89,NULL),(378,'Io ci metterei un altro brano come secondo. Questo non c\'entra nulla con il primo','2025-08-14 00:51:09',2,89,NULL),(379,'Non puoi mettere insieme questi due brani dai, sono troppo diversi!','2025-04-29 20:16:51',2,90,NULL),(380,'Non riesco a capire il senso di questo mix','2025-02-22 10:28:39',2,90,NULL),(381,'Non riesco a capire il senso di questo mix','2025-06-18 20:18:34',2,91,NULL),(382,'A me non piace per niente questo mix','2025-04-29 22:15:02',2,91,582),(383,'Non riesco a capire il senso di questo mix','2025-07-24 02:50:52',2,92,NULL),(384,'Concordo pienamente','2025-09-22 06:44:25',2,92,184),(385,'Non sono d\'accordo, secondo me è un pessimo mix','2025-02-22 18:43:55',2,93,1785),(386,'Hai ragione','2025-09-13 23:43:08',2,93,185),(387,'Non riesco a capire il senso di questo mix','2025-04-21 15:42:21',2,94,NULL),(388,'Io invece lo trovo un mix orrendo','2025-05-08 05:32:01',2,94,1787),(389,'L\'ho provato. Pensavo peggio, e invece suona abbastanza bene','2025-08-21 14:38:26',2,95,589),(390,'Non è un mix da buttare via','2025-09-04 14:31:27',2,95,1989),(391,'Esatto','2025-09-29 01:47:19',2,96,1991),(392,'Non riesco a capire il senso di questo mix','2025-09-26 19:59:02',2,96,NULL),(393,'Anche io la penso così','2025-04-23 23:19:53',2,97,194),(394,'Sembra che tu abbia messo insieme due canzoni a caso','2025-08-26 08:48:24',2,97,NULL),(395,'No, non ci siamo!','2025-04-20 17:14:20',2,98,NULL),(396,'Mi trovo d\'accordo con te','2025-08-28 02:30:29',2,98,596),(397,'Non mi piace per niente','2025-03-21 04:35:57',2,99,NULL),(398,'No, non ci siamo!','2025-09-22 05:41:59',2,99,NULL),(399,'Io ci metterei un altro brano come secondo. Questo non c\'entra nulla con il primo','2025-09-27 04:56:11',2,100,NULL),(400,'Non riesco a capire il senso di questo mix','2025-09-18 06:17:39',2,100,NULL),(401,'A me piace. Sicuro di averlo provato per bene?','2025-09-03 07:11:36',3,1,1),(402,'Non riesco a smettere di ascoltarlo','2025-09-15 21:11:42',3,1,NULL),(403,'Mi trovo d\'accordo con te','2025-09-28 04:59:28',3,2,804),(404,'L\'ho provato anch\'io e la penso come te','2025-09-28 21:14:53',3,2,1203),(405,'Non sono d\'accordo, secondo me è un mix così così','2025-09-02 13:05:41',3,3,605),(406,'Bene, ma si potrebbe fare un crossfade diverso','2025-09-22 07:18:41',3,3,NULL),(407,'A me non piace per niente questo mix','2025-04-28 12:57:57',3,4,1808),(408,'Pessimo accostamento','2025-02-21 13:20:07',3,4,NULL),(409,'Sono d\'accordo con te','2025-09-27 17:05:39',3,5,1010),(410,'Anche io la penso così','2025-08-30 12:15:51',3,5,210),(411,'Non riesco a capire il senso di questo mix','2025-09-25 10:21:03',3,6,NULL),(412,'Concordo pienamente','2025-08-01 22:39:47',3,6,811),(413,'Concordo pienamente','2025-05-28 09:09:26',3,7,613),(414,'Non riesco a capire il senso di questo mix','2025-03-23 04:26:15',3,7,NULL),(415,'Hai ragione','2025-09-19 22:46:32',3,8,1216),(416,'Concordo pienamente','2025-09-17 01:49:30',3,8,616),(417,'L\'ho provato e non era male, ma non mi ha entusiasmato','2025-08-26 07:11:02',3,9,NULL),(418,'Non è un mix da buttare via','2025-09-06 18:14:42',3,9,1418),(419,'A me piace questo mix, lo trovo ben fatto','2025-09-06 01:44:40',3,10,819),(420,'Io invece lo trovo un mix fantastico','2025-07-02 05:54:13',3,10,1419),(421,'Non sono d\'accordo, secondo me è un pessimo mix','2025-09-28 08:58:42',3,11,1222),(422,'Esatto','2025-09-25 00:29:56',3,11,221),(423,'Sono d\'accordo con te','2025-09-29 09:34:28',3,12,23),(424,'Anche io la penso così','2025-09-29 00:06:24',3,12,1223),(425,'Sembra che tu abbia messo insieme due canzoni a caso','2025-07-31 16:23:06',3,13,NULL),(426,'Non riesco a capire il senso di questo mix','2025-08-24 23:08:36',3,13,NULL),(427,'Non mi piace per niente','2025-04-19 13:43:52',3,14,NULL),(428,'Pessimo accostamento','2025-03-27 12:49:29',3,14,NULL),(429,'Io invece lo trovo un mix orrendo','2025-09-18 01:07:22',3,15,1029),(430,'No, non ci siamo!','2025-09-01 21:33:27',3,15,NULL),(431,'Pessimo accostamento','2025-05-28 20:13:39',3,16,NULL),(432,'No, non ci siamo!','2025-05-25 04:58:13',3,16,NULL),(433,'Concordo pienamente','2025-09-25 10:04:32',3,17,834),(434,'Sembra che tu abbia messo insieme due canzoni a caso','2025-09-29 18:02:07',3,17,NULL),(435,'Non è un mix da cestinare','2025-08-08 02:48:52',3,18,1635),(436,'Mi è piaciuto, ma ci sono margini di miglioramento','2025-09-11 21:40:52',3,18,NULL),(437,'Esatto','2025-04-24 07:27:20',3,19,238),(438,'Sono della tua stessa opinione','2025-08-15 23:42:23',3,19,238),(439,'Sono d\'accordo con te','2025-06-08 11:02:12',3,20,640),(440,'No, non ci siamo!','2025-07-23 20:13:20',3,20,NULL),(441,'Non è un mix orrendo dai','2025-08-20 14:04:48',3,21,1642),(442,'Non è così male dai!!','2025-09-01 12:20:51',3,21,641),(443,'Concordo pienamente','2025-09-15 13:13:26',3,22,1244),(444,'Esatto','2025-05-22 02:37:01',3,22,644),(445,'L\'ho provato anch\'io e la penso come te','2025-09-21 15:36:23',3,23,1446),(446,'Sembra che tu abbia messo insieme due canzoni a caso','2025-09-26 07:14:58',3,23,NULL),(447,'Secondo me non è un mix pessimo','2025-05-27 17:33:10',3,24,1847),(448,'L\'ho provato. Pensavo peggio, e invece suona abbastanza bene','2025-09-25 09:29:46',3,24,47),(449,'Io invece lo trovo un mix orrendo','2025-09-15 03:44:06',3,25,1249),(450,'Non riesco a capire il senso di questo mix','2025-09-28 21:07:53',3,25,NULL),(451,'Non sono d\'accordo, secondo me è un pessimo mix','2025-06-10 05:29:12',3,26,1052),(452,'Hai ragione','2025-03-24 04:57:30',3,26,852),(453,'Sono d\'accordo con te','2025-07-30 12:25:11',3,27,654),(454,'Mi trovo d\'accordo con te','2025-08-30 13:45:50',3,27,653),(455,'Non puoi mettere insieme questi due brani dai, sono troppo diversi!','2025-09-14 11:11:32',3,28,NULL),(456,'Non riesco a capire il senso di questo mix','2025-09-21 08:02:45',3,28,NULL),(457,'Io invece lo trovo un mix mal riuscito','2025-07-05 08:11:23',3,29,1257),(458,'Io invece lo trovo un mix orrendo','2025-09-23 07:43:05',3,29,1257),(459,'Sono della tua stessa opinione','2025-05-13 01:50:46',3,30,659),(460,'Pessimo accostamento','2025-07-31 10:57:47',3,30,NULL),(461,'L\'ho provato anch\'io e la penso come te','2025-09-21 23:34:44',3,31,1462),(462,'Sono della tua stessa opinione','2025-07-12 06:30:09',3,31,1662),(463,'Sembra che tu abbia messo insieme due canzoni a caso','2025-06-26 17:34:03',3,32,NULL),(464,'Concordo pienamente','2025-05-17 20:10:50',3,32,864),(465,'Hai ragione','2025-09-28 21:51:37',3,33,1065),(466,'Hai ragione','2025-09-29 12:02:08',3,33,1065),(467,'Sono della tua stessa opinione','2025-08-20 17:39:59',3,34,268),(468,'L\'ho provato anch\'io e la penso come te','2025-08-22 20:42:10',3,34,68),(469,'Non riesco a smettere di ascoltarlo','2025-06-17 20:24:04',3,35,NULL),(470,'Super consigliato!','2025-08-02 17:47:54',3,35,NULL),(471,'Mi trovo d\'accordo con te','2025-09-28 00:11:40',3,36,72),(472,'Esatto','2025-09-16 19:13:45',3,36,71),(473,'Sembra che tu abbia messo insieme due canzoni a caso','2025-07-29 14:36:21',3,37,NULL),(474,'Esatto','2025-09-23 21:21:37',3,37,1274),(475,'Io invece lo trovo un mix mal riuscito','2025-08-09 21:21:01',3,38,876),(476,'Hai ragione','2025-08-02 22:52:10',3,38,1475),(477,'Pessimo accostamento','2025-07-18 07:52:14',3,39,NULL),(478,'Non mi piace per niente','2025-08-23 17:28:37',3,39,NULL),(479,'Io invece lo trovo un mix mal riuscito','2025-05-11 12:18:34',3,40,1680),(480,'Sono della tua stessa opinione','2025-08-26 20:14:08',3,40,1080),(481,'Non è un mix orrendo dai','2025-08-29 00:35:04',3,41,1081),(482,'Il secondo pezzo dovrebbe entrare più tardi','2025-09-01 00:46:40',3,41,NULL),(483,'Non sono d\'accordo, secondo me è un pessimo mix','2025-09-27 17:51:29',3,42,283),(484,'Sembra che tu abbia messo insieme due canzoni a caso','2025-09-29 16:07:47',3,42,NULL),(485,'Anche io la penso così','2025-06-04 23:46:43',3,43,1885),(486,'Esatto','2025-07-17 16:13:29',3,43,1885),(487,'Sono della tua stessa opinione','2025-07-05 09:45:23',3,44,688),(488,'Sono d\'accordo con te','2025-09-24 18:48:15',3,44,87),(489,'Non puoi mettere insieme questi due brani dai, sono troppo diversi!','2025-06-20 05:58:08',3,45,NULL),(490,'Mi trovo d\'accordo con te','2025-06-17 15:13:32',3,45,1289),(491,'Non sono d\'accordo, secondo me è un pessimo mix','2025-07-10 12:59:43',3,46,92),(492,'L\'ho provato anch\'io e la penso come te','2025-08-10 21:53:58',3,46,491),(493,'Non riesco a capire il senso di questo mix','2025-04-21 04:44:17',3,47,NULL),(494,'Non puoi mettere insieme questi due brani dai, sono troppo diversi!','2025-07-30 17:22:18',3,47,NULL),(495,'Sembra che tu abbia messo insieme due canzoni a caso','2025-09-09 11:23:27',3,48,NULL),(496,'Non riesco a capire il senso di questo mix','2025-07-19 10:27:13',3,48,NULL),(497,'Sembra che tu abbia messo insieme due canzoni a caso','2025-04-07 03:24:14',3,49,NULL),(498,'L\'ho provato anch\'io e la penso come te','2025-05-31 08:15:09',3,49,1297),(499,'Il mix potrebbe essere più fluido','2025-06-16 20:33:51',3,50,NULL),(500,'Mi è piaciuto, ma ci sono margini di miglioramento','2025-07-23 00:18:48',3,50,NULL),(501,'Non mi piace per niente','2025-05-08 13:49:22',3,51,NULL),(502,'No, non ci siamo!','2025-09-10 23:16:52',3,51,NULL),(503,'Sono della tua stessa opinione','2025-07-04 14:54:09',3,52,1704),(504,'L\'ho provato anch\'io e la penso come te','2025-02-14 18:17:11',3,52,1504),(505,'Non riesco a capire il senso di questo mix','2025-09-17 05:43:22',3,53,NULL),(506,'Hai ragione','2025-07-09 23:15:33',3,53,1706),(507,'Non puoi mettere insieme questi due brani dai, sono troppo diversi!','2025-09-29 13:42:44',3,54,NULL),(508,'No, non ci siamo!','2025-09-08 01:14:07',3,54,NULL),(509,'Io ci metterei un altro brano come secondo. Questo non c\'entra nulla con il primo','2025-08-05 20:35:53',3,55,NULL),(510,'Non puoi mettere insieme questi due brani dai, sono troppo diversi!','2025-08-16 13:12:06',3,55,NULL),(511,'Dovete provarlo, ne vale la pena!','2025-09-08 23:19:11',3,56,NULL),(512,'Secondo me invece è un ottimo accostamento','2025-07-21 13:14:54',3,56,1512),(513,'Ma no dai, secondo me è un ottimo mix','2025-09-09 11:48:47',3,57,1913),(514,'Non riesco a smettere di ascoltarlo','2025-07-25 00:57:52',3,57,NULL),(515,'Mi trovo d\'accordo con te','2025-07-02 22:36:55',3,58,115),(516,'Non mi piace per niente','2025-07-01 13:03:18',3,58,NULL),(517,'Bene, ma si potrebbe fare un crossfade diverso','2025-09-02 20:33:08',3,59,NULL),(518,'A me invece non ha fatto impazzire','2025-09-24 16:44:11',3,59,1917),(519,'Mi trovo d\'accordo con te','2025-08-24 00:40:00',3,60,520),(520,'Non sono d\'accordo, secondo me è un pessimo mix','2025-09-24 11:49:14',3,60,920),(521,'Io invece lo trovo un mix orrendo','2025-07-29 16:39:49',3,61,921),(522,'L\'ho provato anch\'io e la penso come te','2025-06-30 00:19:15',3,61,521),(523,'Non sono d\'accordo, secondo me è un pessimo mix','2025-04-28 08:40:49',3,62,1724),(524,'Sembra che tu abbia messo insieme due canzoni a caso','2025-07-05 09:48:40',3,62,NULL),(525,'Mi trovo d\'accordo con te','2025-09-07 17:06:12',3,63,1325),(526,'Anche io la penso così','2025-09-04 04:01:52',3,63,725),(527,'Pessimo accostamento','2025-03-20 14:51:06',3,64,NULL),(528,'Io invece lo trovo un mix mal riuscito','2025-06-12 17:48:54',3,64,1128),(529,'Mi trovo d\'accordo con te','2025-07-26 07:08:28',3,65,1330),(530,'L\'ho provato anch\'io e la penso come te','2025-07-05 16:16:34',3,65,1529),(531,'Sono della tua stessa opinione','2025-08-16 06:40:02',3,66,1532),(532,'Pessimo accostamento','2025-09-06 16:39:48',3,66,NULL),(533,'Non puoi mettere insieme questi due brani dai, sono troppo diversi!','2025-09-12 19:36:42',3,67,NULL),(534,'Sembra che tu abbia messo insieme due canzoni a caso','2025-09-19 17:58:17',3,67,NULL),(535,'L\'ho provato e non era male, ma non mi ha entusiasmato','2025-09-06 08:19:24',3,68,NULL),(536,'Bene, ma si potrebbe fare un crossfade diverso','2025-09-29 20:21:00',3,68,NULL),(537,'L\'ho provato anch\'io e la penso come te','2025-05-10 07:36:35',3,69,738),(538,'Hai ragione','2025-07-15 22:51:58',3,69,338),(539,'Non riesco a capire il senso di questo mix','2025-03-09 15:24:17',3,70,NULL),(540,'Non puoi mettere insieme questi due brani dai, sono troppo diversi!','2025-07-28 02:19:00',3,70,NULL),(541,'Mi trovo d\'accordo con te','2025-08-11 23:40:19',3,71,1342),(542,'Non puoi mettere insieme questi due brani dai, sono troppo diversi!','2025-06-15 10:34:29',3,71,NULL),(543,'Non puoi mettere insieme questi due brani dai, sono troppo diversi!','2025-07-23 01:21:51',3,72,NULL),(544,'Mi trovo d\'accordo con te','2025-09-23 03:31:27',3,72,543),(545,'No, non ci siamo!','2025-07-15 03:34:25',3,73,NULL),(546,'Anche io la penso così','2025-08-16 18:13:26',3,73,145),(547,'Sembra che tu abbia messo insieme due canzoni a caso','2025-07-17 22:39:52',3,74,NULL),(548,'Hai ragione','2025-08-12 08:27:42',3,74,1547),(549,'No, non ci siamo!','2025-08-02 15:36:31',3,75,NULL),(550,'Non puoi mettere insieme questi due brani dai, sono troppo diversi!','2025-09-01 00:37:43',3,75,NULL),(551,'Mi trovo d\'accordo con te','2025-07-24 01:42:25',3,76,151),(552,'Non puoi mettere insieme questi due brani dai, sono troppo diversi!','2025-09-19 20:42:36',3,76,NULL),(553,'Esatto','2025-07-18 16:03:37',3,77,1953),(554,'Non riesco a capire il senso di questo mix','2025-09-18 03:42:28',3,77,NULL),(555,'Pessimo accostamento','2025-05-06 01:32:33',3,78,NULL),(556,'Concordo pienamente','2025-06-06 18:34:46',3,78,955),(557,'Sembra che tu abbia messo insieme due canzoni a caso','2025-06-21 17:29:13',3,79,NULL),(558,'Hai ragione','2025-06-27 02:19:54',3,79,557),(559,'Non mi piace per niente','2025-08-31 06:28:46',3,80,NULL),(560,'Esatto','2025-08-16 22:31:43',3,80,759),(561,'L\'ho provato ma non viene bene per niente','2025-03-06 23:35:07',3,81,1362),(562,'No, non ci siamo!','2025-08-24 16:23:24',3,81,NULL),(563,'Non mi piace per niente','2025-08-15 12:44:33',3,82,NULL),(564,'Non mi piace per niente','2025-09-23 04:46:13',3,82,NULL),(565,'Mi trovo d\'accordo con te','2025-09-21 04:23:13',3,83,966),(566,'Io ci metterei un altro brano come secondo. Questo non c\'entra nulla con il primo','2025-07-18 06:03:14',3,83,NULL),(567,'Non riesco a capire il senso di questo mix','2025-04-26 20:00:41',3,84,NULL),(568,'Hai ragione','2025-08-02 02:03:49',3,84,1968),(569,'A me non piace per niente questo mix','2025-09-06 15:27:57',3,85,1369),(570,'Esatto','2025-09-15 13:49:55',3,85,1170),(571,'Non riesco a capire il senso di questo mix','2025-06-01 08:59:04',3,86,NULL),(572,'Non mi piace per niente','2025-07-06 11:45:45',3,86,NULL),(573,'Esatto','2025-09-07 14:47:28',3,87,1773),(574,'Io ci metterei un altro brano come secondo. Questo non c\'entra nulla con il primo','2025-09-22 11:46:34',3,87,NULL),(575,'Io ci metterei un altro brano come secondo. Questo non c\'entra nulla con il primo','2025-09-10 04:38:00',3,88,NULL),(576,'Concordo pienamente','2025-07-14 09:25:50',3,88,1176),(577,'Non riesco a capire il senso di questo mix','2025-02-02 19:16:32',3,89,NULL),(578,'Non mi piace per niente','2025-07-14 23:48:08',3,89,NULL),(579,'L\'ho provato anch\'io e la penso come te','2025-08-03 05:52:06',3,90,1179),(580,'L\'ho provato. Pensavo peggio, e invece suona abbastanza bene','2025-04-13 10:43:00',3,90,1579),(581,'L\'ho provato e non era male, ma non mi ha entusiasmato','2025-04-24 15:51:46',3,91,NULL),(582,'Bene, ma si potrebbe fare un crossfade diverso','2025-05-15 10:17:26',3,91,NULL),(583,'Non riesco a capire il senso di questo mix','2025-09-07 15:28:52',3,92,NULL),(584,'Hai ragione','2025-09-04 23:01:33',3,92,1584),(585,'Io invece lo trovo un mix orrendo','2025-04-29 01:48:08',3,93,1785),(586,'No, non ci siamo!','2025-07-12 18:43:12',3,93,NULL),(587,'A me piace. Sicuro di averlo provato per bene?','2025-05-15 09:46:15',3,94,1587),(588,'Io invece lo trovo un mix interessante','2025-06-09 07:13:28',3,94,388),(589,'Non riesco a capire il senso di questo mix','2025-09-21 17:31:30',3,95,NULL),(590,'Non mi piace per niente','2025-08-05 23:11:48',3,95,NULL),(591,'Esatto','2025-09-26 16:42:07',3,96,1392),(592,'Non mi piace per niente','2025-09-25 04:04:51',3,96,NULL),(593,'Io ci metterei un altro brano come secondo. Questo non c\'entra nulla con il primo','2025-09-26 07:30:22',3,97,NULL),(594,'Esatto','2025-03-31 13:12:26',3,97,1993),(595,'Sono della tua stessa opinione','2025-07-10 18:17:19',3,98,1596),(596,'Hai ragione','2025-05-14 22:09:54',3,98,196),(597,'Sembra che tu abbia messo insieme due canzoni a caso','2025-04-16 03:34:22',3,99,NULL),(598,'Non riesco a capire il senso di questo mix','2025-07-30 03:24:26',3,99,NULL),(599,'No, non ci siamo!','2025-08-21 05:24:45',3,100,NULL),(600,'Non mi piace per niente','2025-07-29 18:27:16',3,100,NULL),(601,'Sono d\'accordo con te','2025-09-22 08:16:08',4,1,1202),(602,'Anche io la penso così','2025-09-28 04:57:20',4,1,1202),(603,'Hai ragione','2025-09-29 04:04:02',4,2,403),(604,'Sono della tua stessa opinione','2025-09-27 10:27:39',4,2,1003),(605,'Io invece lo trovo un mix ben riuscito','2025-09-13 05:33:44',4,3,1006),(606,'Dovete provarlo, ne vale la pena!','2025-09-06 13:31:53',4,3,NULL),(607,'Io ci metterei un altro brano come secondo. Questo non c\'entra nulla con il primo','2025-02-21 23:28:46',4,4,NULL),(608,'Non puoi mettere insieme questi due brani dai, sono troppo diversi!','2025-06-03 15:52:46',4,4,NULL),(609,'Io invece lo trovo un mix orrendo','2025-09-16 23:52:31',4,5,1209),(610,'Hai ragione','2025-09-21 04:30:51',4,5,1610),(611,'Sembra che tu abbia messo insieme due canzoni a caso','2025-09-01 21:02:49',4,6,NULL),(612,'Non puoi mettere insieme questi due brani dai, sono troppo diversi!','2025-09-11 11:34:36',4,6,NULL),(613,'L\'ho provato anch\'io e la penso come te','2025-08-20 13:29:33',4,7,1614),(614,'Sono della tua stessa opinione','2025-03-03 12:53:42',4,7,214),(615,'Non puoi mettere insieme questi due brani dai, sono troppo diversi!','2025-09-13 11:20:11',4,8,NULL),(616,'No, non ci siamo!','2025-09-14 14:40:16',4,8,NULL),(617,'A me invece piace molto questo mix','2025-05-07 11:11:50',4,9,1617),(618,'Io invece lo trovo un mix ben riuscito','2025-03-12 03:03:48',4,9,818),(619,'No, non ci siamo!','2025-08-28 22:35:59',4,10,NULL),(620,'Non puoi mettere insieme questi due brani dai, sono troppo diversi!','2025-09-19 19:12:24',4,10,NULL),(621,'Dovete provarlo, ne vale la pena!','2025-09-27 20:45:11',4,11,NULL),(622,'Non riesco a smettere di ascoltarlo','2025-09-28 15:13:50',4,11,NULL),(623,'Sono d\'accordo con te','2025-09-29 09:32:07',4,12,1824),(624,'L\'ho provato anch\'io e la penso come te','2025-09-29 19:52:05',4,12,623),(625,'Concordo pienamente','2025-09-07 02:51:29',4,13,426),(626,'Non puoi mettere insieme questi due brani dai, sono troppo diversi!','2025-08-24 02:03:57',4,13,NULL),(627,'Io invece lo trovo un mix mal riuscito','2025-09-17 18:35:30',4,14,827),(628,'Sono della tua stessa opinione','2025-07-30 23:20:56',4,14,228),(629,'Sono d\'accordo con te','2025-08-21 18:20:11',4,15,429),(630,'No, non ci siamo!','2025-08-26 15:00:20',4,15,NULL),(631,'Non puoi mettere insieme questi due brani dai, sono troppo diversi!','2025-07-21 13:42:08',4,16,NULL),(632,'No, non ci siamo!','2025-07-25 05:28:55',4,16,NULL),(633,'L\'ho provato anch\'io e la penso come te','2025-09-24 03:00:12',4,17,433),(634,'Non riesco a capire il senso di questo mix','2025-09-29 14:32:21',4,17,NULL),(635,'Io invece lo trovo un mix orrendo','2025-07-28 21:08:53',4,18,1836),(636,'L\'ho provato anch\'io e la penso come te','2025-08-01 05:45:06',4,18,836),(637,'Secondo me è un pessimo accostamento','2025-08-19 18:16:14',4,19,1637),(638,'Sono d\'accordo con te','2025-05-15 03:49:37',4,19,438),(639,'Sono d\'accordo con te','2025-06-27 01:24:50',4,20,440),(640,'Io ci metterei un altro brano come secondo. Questo non c\'entra nulla con il primo','2025-08-09 00:48:32',4,20,NULL),(641,'No, non ci siamo!','2025-09-18 02:39:51',4,21,NULL),(642,'Sembra che tu abbia messo insieme due canzoni a caso','2025-09-03 09:02:56',4,21,NULL),(643,'Non mi piace per niente','2025-08-02 18:11:45',4,22,NULL),(644,'L\'ho provato ma non viene bene per niente','2025-08-11 05:18:44',4,22,844),(645,'Non puoi mettere insieme questi due brani dai, sono troppo diversi!','2025-09-23 07:03:39',4,23,NULL),(646,'Secondo me è un pessimo accostamento','2025-09-24 03:40:47',4,23,246),(647,'Non puoi mettere insieme questi due brani dai, sono troppo diversi!','2025-09-11 16:27:45',4,24,NULL),(648,'Io invece lo trovo un mix mal riuscito','2025-07-24 06:49:11',4,24,248),(649,'L\'ho provato ma non viene bene per niente','2025-09-05 09:08:15',4,25,1250),(650,'Non puoi mettere insieme questi due brani dai, sono troppo diversi!','2025-09-17 09:13:17',4,25,NULL),(651,'Sono d\'accordo con te','2025-04-10 10:57:59',4,26,52),(652,'Sono della tua stessa opinione','2025-09-11 01:39:50',4,26,1451),(653,'Non mi piace per niente','2025-07-16 07:28:28',4,27,NULL),(654,'Hai ragione','2025-09-29 11:45:46',4,27,1654),(655,'L\'ho provato ma non viene bene per niente','2025-09-10 03:58:28',4,28,256),(656,'Io ci metterei un altro brano come secondo. Questo non c\'entra nulla con il primo','2025-08-21 16:53:36',4,28,NULL),(657,'Esatto','2025-08-06 10:23:35',4,29,57),(658,'Io invece lo trovo un mix mal riuscito','2025-07-01 10:42:30',4,29,1257),(659,'Secondo me invece è un pessimo accostamento','2025-02-05 19:52:48',4,30,1859),(660,'Io invece lo trovo un mix mal riuscito','2025-03-31 19:00:51',4,30,1060),(661,'L\'ho provato anch\'io e la penso come te','2025-09-21 09:52:07',4,31,1062),(662,'Anche io la penso così','2025-09-15 17:28:41',4,31,1061),(663,'Concordo pienamente','2025-05-08 03:27:54',4,32,264),(664,'Pessimo accostamento','2025-09-27 03:30:56',4,32,NULL),(665,'Sono della tua stessa opinione','2025-09-29 15:24:24',4,33,1865),(666,'Sono d\'accordo con te','2025-09-28 09:39:13',4,33,1665),(667,'Non riesco a capire il senso di questo mix','2025-08-10 16:32:00',4,34,NULL),(668,'Sono della tua stessa opinione','2025-08-22 19:51:54',4,34,1067),(669,'L\'ho provato anch\'io e la penso come te','2025-07-28 04:56:37',4,35,1869),(670,'L\'ho provato anch\'io e la penso come te','2025-07-30 03:37:41',4,35,1870),(671,'Esatto','2025-09-24 14:40:02',4,36,672),(672,'Concordo pienamente','2025-09-21 08:46:14',4,36,871),(673,'L\'ho provato anch\'io e la penso come te','2025-07-18 18:34:49',4,37,273),(674,'Io ci metterei un altro brano come secondo. Questo non c\'entra nulla con il primo','2025-07-12 15:14:34',4,37,NULL),(675,'Non mi piace per niente','2025-07-22 07:31:36',4,38,NULL),(676,'Non riesco a capire il senso di questo mix','2025-07-14 09:07:47',4,38,NULL),(677,'Hai ragione','2025-08-18 10:55:00',4,39,1477),(678,'Anche io la penso così','2025-08-03 07:12:34',4,39,277),(679,'Non puoi mettere insieme questi due brani dai, sono troppo diversi!','2025-04-27 18:27:43',4,40,NULL),(680,'Secondo me è un pessimo accostamento','2025-04-15 03:47:57',4,40,79),(681,'Sono d\'accordo con te','2025-08-13 00:52:23',4,41,282),(682,'Io ci metterei un altro brano come secondo. Questo non c\'entra nulla con il primo','2025-08-22 06:15:45',4,41,NULL),(683,'Sono della tua stessa opinione','2025-09-29 18:49:35',4,42,1084),(684,'Sembra che tu abbia messo insieme due canzoni a caso','2025-09-28 13:04:14',4,42,NULL),(685,'Mi trovo d\'accordo con te','2025-08-05 02:25:36',4,43,1485),(686,'Io ci metterei un altro brano come secondo. Questo non c\'entra nulla con il primo','2025-09-06 03:52:14',4,43,NULL),(687,'Sembra che tu abbia messo insieme due canzoni a caso','2025-06-01 02:31:12',4,44,NULL),(688,'Sono d\'accordo con te','2025-07-06 22:44:00',4,44,1488),(689,'Non mi piace per niente','2025-06-30 15:12:14',4,45,NULL),(690,'Non puoi mettere insieme questi due brani dai, sono troppo diversi!','2025-06-01 09:28:36',4,45,NULL),(691,'L\'ho provato anch\'io e la penso come te','2025-09-22 12:55:59',4,46,1892),(692,'Io ci metterei un altro brano come secondo. Questo non c\'entra nulla con il primo','2025-03-21 04:29:22',4,46,NULL),(693,'Non mi piace per niente','2025-08-09 05:35:58',4,47,NULL),(694,'Mi trovo d\'accordo con te','2025-05-12 08:11:03',4,47,493),(695,'Io ci metterei un altro brano come secondo. Questo non c\'entra nulla con il primo','2025-09-17 14:26:18',4,48,NULL),(696,'Mi trovo d\'accordo con te','2025-08-04 14:34:06',4,48,1695),(697,'Io ci metterei un altro brano come secondo. Questo non c\'entra nulla con il primo','2025-04-23 02:27:28',4,49,NULL),(698,'Concordo pienamente','2025-05-29 00:46:40',4,49,697),(699,'Secondo me è un ottimo accostamento invece','2025-08-20 04:51:58',4,50,1900),(700,'Io invece lo trovo un mix fantastico','2025-08-11 23:40:35',4,50,1299),(701,'Io ci metterei un altro brano come secondo. Questo non c\'entra nulla con il primo','2025-07-15 00:17:17',4,51,NULL),(702,'Io ci metterei un altro brano come secondo. Questo non c\'entra nulla con il primo','2025-05-04 14:46:57',4,51,NULL),(703,'Io invece lo trovo un mix orrendo','2025-06-05 22:25:12',4,52,503),(704,'Concordo pienamente','2025-03-21 19:55:22',4,52,703),(705,'Sembra che tu abbia messo insieme due canzoni a caso','2025-04-13 05:00:15',4,53,NULL),(706,'No, non ci siamo!','2025-06-25 04:08:45',4,53,NULL),(707,'Concordo pienamente','2025-09-12 17:10:04',4,54,708),(708,'Sembra che tu abbia messo insieme due canzoni a caso','2025-08-03 00:12:09',4,54,NULL),(709,'No, non ci siamo!','2025-07-30 16:27:12',4,55,NULL),(710,'Esatto','2025-08-31 05:20:25',4,55,1709),(711,'Concordo pienamente','2025-09-13 15:02:23',4,56,1312),(712,'Esatto','2025-07-29 09:26:00',4,56,1912),(713,'Sembra che tu abbia messo insieme due canzoni a caso','2025-08-14 16:00:04',4,57,NULL),(714,'Non riesco a capire il senso di questo mix','2025-09-22 21:44:20',4,57,NULL),(715,'Esatto','2025-06-08 19:21:09',4,58,1516),(716,'Non puoi mettere insieme questi due brani dai, sono troppo diversi!','2025-09-20 00:13:39',4,58,NULL),(717,'Anche io la penso così','2025-08-08 04:37:39',4,59,318),(718,'Pessimo accostamento','2025-08-16 20:20:14',4,59,NULL),(719,'Bene, ma si potrebbe fare un crossfade diverso','2025-08-15 14:53:41',4,60,NULL),(720,'Bene, ma si potrebbe fare un crossfade diverso','2025-09-27 06:39:03',4,60,NULL),(721,'Io ci metterei un altro brano come secondo. Questo non c\'entra nulla con il primo','2025-09-28 00:08:23',4,61,NULL),(722,'No, non ci siamo!','2025-05-21 18:44:35',4,61,NULL),(723,'Secondo me non è un mix pessimo','2025-05-04 17:38:15',4,62,523),(724,'Bene, ma si potrebbe fare un crossfade diverso','2025-09-12 17:58:05',4,62,NULL),(725,'Sembra che tu abbia messo insieme due canzoni a caso','2025-07-08 04:10:58',4,63,NULL),(726,'Non riesco a capire il senso di questo mix','2025-07-23 23:36:01',4,63,NULL),(727,'Sono della tua stessa opinione','2025-08-28 17:55:21',4,64,1728),(728,'No, non ci siamo!','2025-03-11 01:16:29',4,64,NULL),(729,'Io ci metterei un altro brano come secondo. Questo non c\'entra nulla con il primo','2025-08-21 22:02:54',4,65,NULL),(730,'Non mi piace per niente','2025-08-01 21:03:00',4,65,NULL),(731,'Non riesco a capire il senso di questo mix','2025-08-26 08:26:53',4,66,NULL),(732,'Anche io la penso così','2025-08-18 01:11:05',4,66,131),(733,'Hai ragione','2025-09-12 04:34:10',4,67,334),(734,'Io ci metterei un altro brano come secondo. Questo non c\'entra nulla con il primo','2025-09-20 00:49:02',4,67,NULL),(735,'Io ci metterei un altro brano come secondo. Questo non c\'entra nulla con il primo','2025-09-20 07:26:12',4,68,NULL),(736,'No, non ci siamo!','2025-09-26 14:41:14',4,68,NULL),(737,'Sono della tua stessa opinione','2025-09-16 03:13:15',4,69,1537),(738,'Non sono d\'accordo, secondo me è un pessimo mix','2025-04-22 14:09:47',4,69,138),(739,'Sono d\'accordo con te','2025-05-07 06:24:10',4,70,1540),(740,'Sembra che tu abbia messo insieme due canzoni a caso','2025-06-05 09:00:27',4,70,NULL),(741,'Sono d\'accordo con te','2025-06-16 06:27:48',4,71,342),(742,'No, non ci siamo!','2025-06-20 14:43:07',4,71,NULL),(743,'Mi piace molto questo pezzo','2025-06-04 20:10:47',4,72,NULL),(744,'Assolutamente da ascoltare','2025-05-01 10:22:26',4,72,NULL),(745,'L\'ho provato anch\'io e la penso come te','2025-07-20 03:20:48',4,73,1546),(746,'Io ci metterei un altro brano come secondo. Questo non c\'entra nulla con il primo','2025-07-07 17:55:06',4,73,NULL),(747,'Sembra che tu abbia messo insieme due canzoni a caso','2025-09-22 15:28:12',4,74,NULL),(748,'Secondo me è un pessimo accostamento','2025-05-26 04:15:56',4,74,1348),(749,'Concordo pienamente','2025-08-15 06:15:17',4,75,950),(750,'Mi trovo d\'accordo con te','2025-08-27 23:55:11',4,75,549),(751,'Non puoi mettere insieme questi due brani dai, sono troppo diversi!','2025-08-18 06:02:01',4,76,NULL),(752,'Sono d\'accordo con te','2025-02-01 02:18:00',4,76,152),(753,'Hai ragione','2025-09-18 10:24:32',4,77,1353),(754,'No, non ci siamo!','2025-05-16 17:41:34',4,77,NULL),(755,'Io ci metterei un altro brano come secondo. Questo non c\'entra nulla con il primo','2025-08-22 10:05:48',4,78,NULL),(756,'Anche io la penso così','2025-07-14 16:38:33',4,78,555),(757,'Mi trovo d\'accordo con te','2025-05-17 16:39:21',4,79,1357),(758,'Sono della tua stessa opinione','2025-04-21 19:31:16',4,79,357),(759,'Non puoi mettere insieme questi due brani dai, sono troppo diversi!','2025-09-21 18:04:04',4,80,NULL),(760,'L\'ho provato anch\'io e la penso come te','2025-08-19 09:10:10',4,80,359),(761,'Non mi piace per niente','2025-08-19 02:42:03',4,81,NULL),(762,'Hai ragione','2025-09-12 11:48:52',4,81,361),(763,'A me invece non ha fatto impazzire','2025-09-20 02:51:36',4,82,964),(764,'Anche io la penso così','2025-09-10 17:54:49',4,82,364),(765,'L\'ho provato anch\'io e la penso come te','2025-07-18 19:00:26',4,83,366),(766,'Non riesco a capire il senso di questo mix','2025-06-03 09:48:36',4,83,NULL),(767,'Io ci metterei un altro brano come secondo. Questo non c\'entra nulla con il primo','2025-07-17 16:49:05',4,84,NULL),(768,'Sono della tua stessa opinione','2025-06-04 07:27:52',4,84,568),(769,'Non mi piace per niente','2025-08-21 18:55:37',4,85,NULL),(770,'Non puoi mettere insieme questi due brani dai, sono troppo diversi!','2025-08-16 08:27:44',4,85,NULL),(771,'Non riesco a capire il senso di questo mix','2025-04-10 14:33:22',4,86,NULL),(772,'Non puoi mettere insieme questi due brani dai, sono troppo diversi!','2025-07-13 01:04:46',4,86,NULL),(773,'Non puoi mettere insieme questi due brani dai, sono troppo diversi!','2025-09-25 07:06:04',4,87,NULL),(774,'Sembra che tu abbia messo insieme due canzoni a caso','2025-09-29 00:33:20',4,87,NULL),(775,'Esatto','2025-08-18 05:18:40',4,88,975),(776,'Mi trovo d\'accordo con te','2025-08-13 04:42:44',4,88,376),(777,'Pessimo accostamento','2025-09-07 19:55:36',4,89,NULL),(778,'Secondo me invece è un pessimo accostamento','2025-01-14 08:21:34',4,89,178),(779,'Concordo pienamente','2025-01-20 13:53:58',4,90,1779),(780,'Ottimo lavoro, bravissimo!','2025-09-25 08:43:29',4,90,NULL),(781,'Secondo me non è un mix pessimo','2025-05-22 13:08:26',4,91,1381),(782,'Non è un mix da buttare via','2025-05-05 16:45:57',4,91,182),(783,'L\'ho provato anch\'io e la penso come te','2025-08-17 23:28:17',4,92,1584),(784,'Sono d\'accordo con te','2025-05-18 15:17:29',4,92,983),(785,'Mi piace molto questo pezzo','2025-04-25 11:00:44',4,93,NULL),(786,'Che ritmo coinvolgente!','2025-09-10 05:36:53',4,93,NULL),(787,'Hai ragione','2025-06-05 12:01:04',4,94,788),(788,'No, non ci siamo!','2025-07-05 17:24:11',4,94,NULL),(789,'Hai ragione','2025-09-19 14:19:14',4,95,989),(790,'Pessimo accostamento','2025-08-07 11:09:14',4,95,NULL),(791,'Esatto','2025-09-29 07:20:58',4,96,392),(792,'Non puoi mettere insieme questi due brani dai, sono troppo diversi!','2025-09-29 15:18:08',4,96,NULL),(793,'Non mi piace per niente','2025-05-08 05:16:55',4,97,NULL),(794,'Mi trovo d\'accordo con te','2025-04-14 07:10:22',4,97,594),(795,'Anche io la penso così','2025-06-17 07:55:50',4,98,1795),(796,'No, non ci siamo!','2025-03-16 12:19:46',4,98,NULL),(797,'Non riesco a capire il senso di questo mix','2025-04-22 03:38:39',4,99,NULL),(798,'L\'ho provato anch\'io e la penso come te','2025-09-10 09:21:04',4,99,1597),(799,'Pessimo accostamento','2025-08-14 19:26:42',4,100,NULL),(800,'Concordo pienamente','2025-09-28 14:58:10',4,100,1600),(801,'Non riesco a capire il senso di questo mix','2025-09-22 05:19:13',5,1,NULL),(802,'Concordo pienamente','2025-09-10 17:50:02',5,1,1802),(803,'Hai ragione','2025-09-27 15:26:55',5,2,1204),(804,'Anche io la penso così','2025-09-28 05:18:24',5,2,203),(805,'Io invece lo trovo un mix mal riuscito','2025-09-27 18:18:09',5,3,606),(806,'Non riesco a capire il senso di questo mix','2025-09-03 18:27:44',5,3,NULL),(807,'Non mi piace per niente','2025-05-27 15:00:58',5,4,NULL),(808,'Sono della tua stessa opinione','2025-08-02 00:45:10',5,4,608),(809,'Io invece lo trovo un mix interessante','2025-08-22 11:53:18',5,5,1609),(810,'Ma no dai, secondo me è un ottimo mix','2025-08-27 11:02:11',5,5,209),(811,'Sembra che tu abbia messo insieme due canzoni a caso','2025-09-11 22:31:24',5,6,NULL),(812,'Io ci metterei un altro brano come secondo. Questo non c\'entra nulla con il primo','2025-07-31 10:34:08',5,6,NULL),(813,'Io ci metterei un altro brano come secondo. Questo non c\'entra nulla con il primo','2025-03-19 05:13:39',5,7,NULL),(814,'Non riesco a capire il senso di questo mix','2025-08-30 23:33:04',5,7,NULL),(815,'Concordo pienamente','2025-09-15 16:13:46',5,8,216),(816,'Concordo pienamente','2025-09-26 01:15:19',5,8,815),(817,'Secondo me è un pessimo accostamento','2025-04-25 20:38:14',5,9,1218),(818,'Non riesco a capire il senso di questo mix','2025-02-19 06:05:38',5,9,NULL),(819,'No, non ci siamo!','2025-09-19 06:28:47',5,10,NULL),(820,'Mi trovo d\'accordo con te','2025-07-11 13:13:19',5,10,1420),(821,'Pessimo accostamento','2025-09-29 18:43:40',5,11,NULL),(822,'Pessimo accostamento','2025-09-21 12:51:16',5,11,NULL),(823,'Mi è piaciuto, ma ci sono margini di miglioramento','2025-09-29 07:07:18',5,12,NULL),(824,'Non è un mix da cestinare','2025-09-28 22:59:02',5,12,624),(825,'Sono d\'accordo con te','2025-08-11 20:10:47',5,13,1225),(826,'Non mi piace per niente','2025-09-26 01:21:08',5,13,NULL),(827,'A me invece piace molto questo mix','2025-07-24 05:19:58',5,14,228),(828,'A me invece piace molto questo mix','2025-04-27 02:37:40',5,14,1427),(829,'Esatto','2025-09-18 16:45:09',5,15,229),(830,'Non riesco a capire il senso di questo mix','2025-09-09 20:40:34',5,15,NULL),(831,'Non mi piace per niente','2025-08-07 16:19:08',5,16,NULL),(832,'Concordo pienamente','2025-06-21 06:26:20',5,16,232),(833,'Pessimo accostamento','2025-09-26 05:53:08',5,17,NULL),(834,'Io ci metterei un altro brano come secondo. Questo non c\'entra nulla con il primo','2025-09-23 16:47:52',5,17,NULL),(835,'Sembra che tu abbia messo insieme due canzoni a caso','2025-09-10 13:44:16',5,18,NULL),(836,'Io ci metterei un altro brano come secondo. Questo non c\'entra nulla con il primo','2025-07-27 08:08:43',5,18,NULL),(837,'Non è un mix da buttare via','2025-09-06 22:46:07',5,19,238),(838,'Mi è piaciuto, ma ci sono margini di miglioramento','2025-05-25 18:28:36',5,19,NULL),(839,'Non mi piace per niente','2025-08-29 01:23:58',5,20,NULL),(840,'Io ci metterei un altro brano come secondo. Questo non c\'entra nulla con il primo','2025-07-22 18:16:27',5,20,NULL),(841,'Io ci metterei un altro brano come secondo. Questo non c\'entra nulla con il primo','2025-09-20 23:10:43',5,21,NULL),(842,'Concordo pienamente','2025-08-07 02:42:51',5,21,241),(843,'Io invece lo trovo un mix interessante','2025-07-18 01:29:04',5,22,644),(844,'Dovete provarlo, ne vale la pena!','2025-09-02 05:33:45',5,22,NULL),(845,'Non mi piace per niente','2025-09-26 19:49:07',5,23,NULL),(846,'Anche io la penso così','2025-09-22 17:33:31',5,23,446),(847,'L\'ho provato anch\'io e la penso come te','2025-09-01 02:39:26',5,24,848),(848,'Esatto','2025-07-12 12:01:26',5,24,47),(849,'Non riesco a capire il senso di questo mix','2025-09-21 05:31:16',5,25,NULL),(850,'Secondo me invece è un pessimo accostamento','2025-09-05 18:55:24',5,25,1250),(851,'Non riesco a capire il senso di questo mix','2025-03-30 18:25:40',5,26,NULL),(852,'Non mi piace per niente','2025-06-20 15:58:22',5,26,NULL),(853,'Sono d\'accordo con te','2025-08-28 04:09:47',5,27,453),(854,'Anche io la penso così','2025-06-20 10:32:31',5,27,1854),(855,'Sono della tua stessa opinione','2025-09-17 19:05:19',5,28,1655),(856,'Sono della tua stessa opinione','2025-08-22 11:49:34',5,28,56),(857,'Mi trovo d\'accordo con te','2025-07-15 19:22:13',5,29,58),(858,'Non riesco a capire il senso di questo mix','2025-09-24 08:04:50',5,29,NULL),(859,'Non puoi mettere insieme questi due brani dai, sono troppo diversi!','2025-09-22 14:57:19',5,30,NULL),(860,'Mi trovo d\'accordo con te','2025-04-06 04:02:08',5,30,1260),(861,'Non riesco a capire il senso di questo mix','2025-09-15 10:29:52',5,31,NULL),(862,'Concordo pienamente','2025-09-07 12:21:00',5,31,1462),(863,'Esatto','2025-08-14 21:57:36',5,32,664),(864,'L\'ho provato anch\'io e la penso come te','2025-07-28 01:28:32',5,32,1663),(865,'Non è un mix orrendo dai','2025-09-29 15:55:06',5,33,665),(866,'Non è così male dai!!','2025-09-29 04:43:26',5,33,1065),(867,'Hai ragione','2025-09-07 03:18:47',5,34,868),(868,'Sono d\'accordo con te','2025-08-05 19:16:24',5,34,267),(869,'Sembra che tu abbia messo insieme due canzoni a caso','2025-07-19 17:12:48',5,35,NULL),(870,'Io invece lo trovo un mix orrendo','2025-06-30 23:18:15',5,35,470),(871,'Mi trovo d\'accordo con te','2025-09-17 12:43:49',5,36,1272),(872,'Io ci metterei un altro brano come secondo. Questo non c\'entra nulla con il primo','2025-09-17 14:59:37',5,36,NULL),(873,'A me non piace per niente questo mix','2025-07-23 00:32:30',5,37,1674),(874,'Pessimo accostamento','2025-08-05 14:56:32',5,37,NULL),(875,'Bellissimo mix','2025-05-28 22:28:24',5,38,NULL),(876,'Io invece lo trovo un mix ben riuscito','2025-08-12 22:02:34',5,38,1676),(877,'Non puoi mettere insieme questi due brani dai, sono troppo diversi!','2025-06-10 15:14:52',5,39,NULL),(878,'Concordo pienamente','2025-09-01 07:28:16',5,39,1278),(879,'Io ci metterei un altro brano come secondo. Questo non c\'entra nulla con il primo','2025-05-28 06:52:53',5,40,NULL),(880,'No, non ci siamo!','2025-07-02 12:49:55',5,40,NULL),(881,'Sono della tua stessa opinione','2025-08-21 14:46:15',5,41,1481),(882,'L\'ho provato anch\'io e la penso come te','2025-08-18 21:04:37',5,41,1082),(883,'Non è così male dai!!','2025-09-28 05:09:16',5,42,1284),(884,'Il secondo pezzo dovrebbe entrare prima','2025-09-27 07:07:31',5,42,NULL),(885,'No, non ci siamo!','2025-09-18 23:45:22',5,43,NULL),(886,'Non puoi mettere insieme questi due brani dai, sono troppo diversi!','2025-09-05 14:27:56',5,43,NULL),(887,'Non riesco a capire il senso di questo mix','2025-06-14 23:00:57',5,44,NULL),(888,'No, non ci siamo!','2025-08-19 12:26:10',5,44,NULL),(889,'No, non ci siamo!','2025-05-17 15:16:52',5,45,NULL),(890,'Concordo pienamente','2025-07-23 00:22:25',5,45,490),(891,'Io invece lo trovo un mix mal riuscito','2025-04-13 05:52:54',5,46,1292),(892,'No, non ci siamo!','2025-02-05 12:02:18',5,46,NULL),(893,'Sono della tua stessa opinione','2025-06-08 19:52:20',5,47,293),(894,'L\'ho provato anch\'io e la penso come te','2025-05-24 04:44:13',5,47,1094),(895,'Secondo me non è un mix pessimo','2025-07-11 19:26:59',5,48,95),(896,'L\'ho provato e non era male, ma non mi ha entusiasmato','2025-07-15 19:00:30',5,48,NULL),(897,'Non puoi mettere insieme questi due brani dai, sono troppo diversi!','2025-04-06 21:37:50',5,49,NULL),(898,'Pessimo accostamento','2025-09-06 00:24:15',5,49,NULL),(899,'Hai ragione','2025-09-23 11:05:48',5,50,1699),(900,'L\'ho provato anch\'io e la penso come te','2025-06-07 03:29:18',5,50,1700),(901,'Non puoi mettere insieme questi due brani dai, sono troppo diversi!','2025-09-01 05:21:06',5,51,NULL),(902,'No, non ci siamo!','2025-07-17 01:12:00',5,51,NULL),(903,'Esatto','2025-05-01 23:57:50',5,52,1904),(904,'Non puoi mettere insieme questi due brani dai, sono troppo diversi!','2025-08-25 20:37:51',5,52,NULL),(905,'Pessimo accostamento','2025-08-12 02:05:33',5,53,NULL),(906,'Sembra che tu abbia messo insieme due canzoni a caso','2025-09-17 08:26:52',5,53,NULL),(907,'Hai ragione','2025-08-05 14:07:11',5,54,707),(908,'Sono d\'accordo con te','2025-08-24 18:39:48',5,54,1708),(909,'Non riesco a capire il senso di questo mix','2025-08-02 07:15:20',5,55,NULL),(910,'Concordo pienamente','2025-09-21 19:47:53',5,55,1909),(911,'A me piace. Sicuro di averlo provato per bene?','2025-08-25 21:24:19',5,56,1511),(912,'Secondo me è un ottimo accostamento invece','2025-07-16 19:29:25',5,56,1911),(913,'Non mi piace per niente','2025-08-29 21:02:04',5,57,NULL),(914,'No, non ci siamo!','2025-08-10 19:31:11',5,57,NULL),(915,'Non mi piace per niente','2025-09-07 07:48:11',5,58,NULL),(916,'Non mi piace per niente','2025-05-14 09:51:32',5,58,NULL),(917,'Anche io la penso così','2025-06-28 14:25:27',5,59,1517),(918,'Non sono d\'accordo, secondo me è un pessimo mix','2025-05-27 07:13:38',5,59,517),(919,'L\'ho provato e non era male, ma non mi ha entusiasmato','2025-07-22 00:47:24',5,60,NULL),(920,'Non è così male dai!!','2025-07-20 14:25:14',5,60,1920),(921,'Sono della tua stessa opinione','2025-08-14 09:56:19',5,61,1922),(922,'Niente di che. Non mi ha entusiasmato','2025-05-15 21:00:08',5,61,322),(923,'Concordo pienamente','2025-07-21 04:41:56',5,62,524),(924,'Non riesco a capire il senso di questo mix','2025-03-10 17:18:03',5,62,NULL),(925,'L\'ho provato anch\'io e la penso come te','2025-08-08 14:31:05',5,63,1125),(926,'No, non ci siamo!','2025-07-28 22:21:42',5,63,NULL),(927,'Sono d\'accordo con te','2025-09-18 21:11:50',5,64,527),(928,'Pessimo accostamento','2025-07-17 23:07:14',5,64,NULL),(929,'Secondo me è un pessimo accostamento','2025-09-19 09:45:34',5,65,1730),(930,'Esatto','2025-08-12 01:31:01',5,65,1530),(931,'Non è un mix orrendo dai','2025-09-15 12:31:49',5,66,1331),(932,'Non è così male dai!!','2025-08-18 21:05:25',5,66,1731),(933,'No, non ci siamo!','2025-09-11 18:13:02',5,67,NULL),(934,'No, non ci siamo!','2025-09-13 22:05:17',5,67,NULL),(935,'Non mi piace per niente','2025-09-07 10:56:36',5,68,NULL),(936,'Io invece lo trovo un mix orrendo','2025-09-06 00:56:00',5,68,1135),(937,'Il secondo pezzo dovrebbe entrare prima','2025-08-27 06:12:39',5,69,NULL),(938,'Il secondo pezzo dovrebbe entrare prima','2025-05-27 13:35:14',5,69,NULL),(939,'No, non ci siamo!','2025-09-23 04:06:40',5,70,NULL),(940,'Non puoi mettere insieme questi due brani dai, sono troppo diversi!','2025-06-07 18:19:49',5,70,NULL),(941,'Pessimo accostamento','2025-04-20 20:13:29',5,71,NULL),(942,'Pessimo accostamento','2025-03-17 00:38:02',5,71,NULL),(943,'Pessimo accostamento','2025-08-07 18:28:05',5,72,NULL),(944,'Non riesco a capire il senso di questo mix','2025-09-13 23:16:18',5,72,NULL),(945,'Bellissimo mix','2025-07-20 05:36:00',5,73,NULL),(946,'Secondo me è un ottimo accostamento invece','2025-08-16 22:15:47',5,73,145),(947,'Secondo me è un pessimo accostamento','2025-09-28 04:33:31',5,74,1347),(948,'Pessimo accostamento','2025-09-15 07:57:28',5,74,NULL),(949,'Non mi piace per niente','2025-07-24 00:29:20',5,75,NULL),(950,'Io invece lo trovo un mix mal riuscito','2025-06-17 07:54:04',5,75,1750),(951,'Non riesco a capire il senso di questo mix','2025-05-23 09:10:44',5,76,NULL),(952,'Io invece lo trovo un mix orrendo','2025-06-23 19:32:11',5,76,1952),(953,'Non puoi mettere insieme questi due brani dai, sono troppo diversi!','2025-09-20 19:10:14',5,77,NULL),(954,'L\'ho provato anch\'io e la penso come te','2025-05-13 12:46:19',5,77,1553),(955,'No, non ci siamo!','2025-07-05 03:39:00',5,78,NULL),(956,'Sono d\'accordo con te','2025-09-19 02:27:31',5,78,1756),(957,'Concordo pienamente','2025-02-01 23:52:24',5,79,1957),(958,'Non mi piace per niente','2025-03-14 11:28:02',5,79,NULL),(959,'L\'ho provato anch\'io e la penso come te','2025-07-29 03:33:56',5,80,1759),(960,'No, non ci siamo!','2025-09-28 14:13:42',5,80,NULL),(961,'Mi trovo d\'accordo con te','2025-05-11 14:54:45',5,81,161),(962,'Concordo pienamente','2025-09-10 00:16:54',5,81,762),(963,'Super consigliato!','2025-08-27 07:32:08',5,82,NULL),(964,'Ma no dai, secondo me è un ottimo mix','2025-09-22 01:52:30',5,82,564),(965,'Hai ragione','2025-05-03 20:05:42',5,83,365),(966,'No, non ci siamo!','2025-06-24 08:21:53',5,83,NULL),(967,'Mi trovo d\'accordo con te','2025-05-25 12:47:12',5,84,568),(968,'Io ci metterei un altro brano come secondo. Questo non c\'entra nulla con il primo','2025-05-11 02:31:46',5,84,NULL),(969,'Pessimo accostamento','2025-09-08 21:38:27',5,85,NULL),(970,'Hai ragione','2025-09-14 12:36:29',5,85,1569),(971,'Hai ragione','2025-06-03 19:29:06',5,86,1571),(972,'L\'ho provato anch\'io e la penso come te','2025-07-14 07:35:26',5,86,1572),(973,'L\'ho provato. Pensavo peggio, e invece suona abbastanza bene','2025-09-23 23:56:38',5,87,1773),(974,'L\'ho provato e non era male, ma non mi ha entusiasmato','2025-09-21 00:10:16',5,87,NULL),(975,'Hai ragione','2025-06-30 01:30:32',5,88,776),(976,'Non riesco a capire il senso di questo mix','2025-08-01 07:20:11',5,88,NULL),(977,'Mi trovo d\'accordo con te','2025-01-23 11:15:24',5,89,577),(978,'Sembra che tu abbia messo insieme due canzoni a caso','2025-09-02 10:05:23',5,89,NULL),(979,'Non mi piace per niente','2025-04-23 23:08:56',5,90,NULL),(980,'Io invece lo trovo un mix mal riuscito','2025-04-08 12:10:37',5,90,579),(981,'No, non ci siamo!','2025-05-13 19:10:20',5,91,NULL),(982,'Sono della tua stessa opinione','2025-05-31 22:33:08',5,91,1781),(983,'Esatto','2025-06-14 06:47:01',5,92,1384),(984,'Sembra che tu abbia messo insieme due canzoni a caso','2025-05-25 18:27:32',5,92,NULL),(985,'Bellissimo mix','2025-01-30 16:00:57',5,93,NULL),(986,'Non riesco a smettere di ascoltarlo','2025-04-10 21:16:27',5,93,NULL),(987,'Io invece lo trovo un mix orrendo','2025-07-28 13:32:58',5,94,587),(988,'Non mi piace per niente','2025-07-15 19:47:04',5,94,NULL),(989,'Sono della tua stessa opinione','2025-08-12 14:46:11',5,95,1589),(990,'Hai ragione','2025-07-25 16:31:02',5,95,1790),(991,'Mi trovo d\'accordo con te','2025-09-27 18:33:11',5,96,1792),(992,'Non riesco a capire il senso di questo mix','2025-09-27 10:56:31',5,96,NULL),(993,'Concordo pienamente','2025-07-22 17:09:29',5,97,1794),(994,'Sono della tua stessa opinione','2025-08-08 13:02:44',5,97,394),(995,'Mi trovo d\'accordo con te','2025-07-26 07:13:56',5,98,1196),(996,'Non puoi mettere insieme questi due brani dai, sono troppo diversi!','2025-05-04 03:23:00',5,98,NULL),(997,'Il secondo pezzo dovrebbe entrare più tardi','2025-04-05 04:00:52',5,99,NULL),(998,'L\'ho provato. Pensavo peggio, e invece suona abbastanza bene','2025-07-07 10:08:16',5,99,1797),(999,'Il secondo pezzo dovrebbe entrare prima','2025-08-02 17:57:26',5,100,NULL),(1000,'L\'ho provato e non era male, ma non mi ha entusiasmato','2025-08-19 02:37:13',5,100,NULL),(1001,'Concordo pienamente','2025-09-17 13:56:07',6,1,1),(1002,'Sono d\'accordo con te','2025-09-07 03:48:53',6,1,1402),(1003,'Non mi piace per niente','2025-09-27 17:54:53',6,2,NULL),(1004,'Sono della tua stessa opinione','2025-09-29 15:15:38',6,2,1604),(1005,'Io invece lo trovo un mix mal riuscito','2025-09-24 21:30:20',6,3,406),(1006,'No, non ci siamo!','2025-09-28 11:44:19',6,3,NULL),(1007,'Super consigliato!','2025-07-18 01:54:15',6,4,NULL),(1008,'Dovete provarlo, ne vale la pena!','2025-03-27 06:18:01',6,4,NULL),(1009,'Anche io la penso così','2025-08-31 05:02:30',6,5,609),(1010,'Esatto','2025-09-04 09:06:05',6,5,409),(1011,'Non mi piace per niente','2025-08-28 19:16:07',6,6,NULL),(1012,'Non puoi mettere insieme questi due brani dai, sono troppo diversi!','2025-06-20 03:00:08',6,6,NULL),(1013,'Mi è piaciuto, ma ci sono margini di miglioramento','2025-09-10 05:56:02',6,7,NULL),(1014,'L\'ho provato e non era male, ma non mi ha entusiasmato','2025-02-17 20:05:17',6,7,NULL),(1015,'Pessimo accostamento','2025-09-28 16:16:31',6,8,NULL),(1016,'Non puoi mettere insieme questi due brani dai, sono troppo diversi!','2025-09-25 18:00:59',6,8,NULL),(1017,'Pessimo accostamento','2025-05-18 08:45:20',6,9,NULL),(1018,'Non mi piace per niente','2025-08-16 12:17:49',6,9,NULL),(1019,'Secondo me è un pessimo accostamento','2025-08-13 14:46:26',6,10,1620),(1020,'Esatto','2025-07-05 03:41:31',6,10,1220),(1021,'Sembra che tu abbia messo insieme due canzoni a caso','2025-09-29 07:55:39',6,11,NULL),(1022,'Pessimo accostamento','2025-09-27 18:42:14',6,11,NULL),(1023,'Non puoi mettere insieme questi due brani dai, sono troppo diversi!','2025-09-29 00:23:43',6,12,NULL),(1024,'Sono della tua stessa opinione','2025-09-29 16:31:12',6,12,1624),(1025,'Non puoi mettere insieme questi due brani dai, sono troppo diversi!','2025-07-19 11:07:47',6,13,NULL),(1026,'Non puoi mettere insieme questi due brani dai, sono troppo diversi!','2025-09-12 12:54:39',6,13,NULL),(1027,'No, non ci siamo!','2025-09-09 01:00:28',6,14,NULL),(1028,'Io invece lo trovo un mix orrendo','2025-03-31 15:01:39',6,14,1828),(1029,'Non riesco a smettere di ascoltarlo','2025-08-25 06:00:38',6,15,NULL),(1030,'Dovete provarlo, ne vale la pena!','2025-09-01 05:05:40',6,15,NULL),(1031,'Sembra che tu abbia messo insieme due canzoni a caso','2025-07-10 06:12:34',6,16,NULL),(1032,'L\'ho provato anch\'io e la penso come te','2025-07-03 21:17:54',6,16,431),(1033,'Concordo pienamente','2025-09-28 03:04:46',6,17,34),(1034,'Sono d\'accordo con te','2025-09-26 13:46:54',6,17,433),(1035,'Esatto','2025-08-18 16:54:00',6,18,1636),(1036,'Hai ragione','2025-09-23 00:15:12',6,18,1236),(1037,'Sono della tua stessa opinione','2025-06-06 04:42:23',6,19,237),(1038,'Non mi piace per niente','2025-05-16 22:42:06',6,19,NULL),(1039,'Mi trovo d\'accordo con te','2025-07-11 17:29:42',6,20,1040),(1040,'Sono d\'accordo con te','2025-09-05 17:59:26',6,20,239),(1041,'Io ci metterei un altro brano come secondo. Questo non c\'entra nulla con il primo','2025-08-01 14:01:35',6,21,NULL),(1042,'Pessimo accostamento','2025-07-22 04:08:21',6,21,NULL),(1043,'No, non ci siamo!','2025-07-12 11:48:13',6,22,NULL),(1044,'Non riesco a capire il senso di questo mix','2025-08-23 05:55:03',6,22,NULL),(1045,'Hai ragione','2025-09-21 19:13:15',6,23,845),(1046,'Sono della tua stessa opinione','2025-09-23 04:53:48',6,23,1845),(1047,'Io ci metterei un altro brano come secondo. Questo non c\'entra nulla con il primo','2025-08-04 07:13:57',6,24,NULL),(1048,'No, non ci siamo!','2025-08-15 20:19:12',6,24,NULL),(1049,'Sono della tua stessa opinione','2025-08-26 18:11:15',6,25,50),(1050,'Pessimo accostamento','2025-08-27 18:38:08',6,25,NULL),(1051,'Io invece lo trovo un mix ben riuscito','2025-08-31 13:33:35',6,26,52),(1052,'A me piace. Sicuro di averlo provato per bene?','2025-04-19 18:55:42',6,26,652),(1053,'A me piace. Sicuro di averlo provato per bene?','2025-07-16 00:21:41',6,27,1654),(1054,'Io invece lo trovo un mix ben riuscito','2025-08-05 22:34:20',6,27,1254),(1055,'Io ci metterei un altro brano come secondo. Questo non c\'entra nulla con il primo','2025-09-02 01:57:55',6,28,NULL),(1056,'Sembra che tu abbia messo insieme due canzoni a caso','2025-09-27 05:36:38',6,28,NULL),(1057,'Non mi piace per niente','2025-08-10 23:59:06',6,29,NULL),(1058,'Hai ragione','2025-06-28 21:34:47',6,29,857),(1059,'Il secondo pezzo dovrebbe entrare prima','2025-04-15 14:24:47',6,30,NULL),(1060,'Il secondo pezzo dovrebbe entrare prima','2025-04-09 04:25:16',6,30,NULL),(1061,'Sembra che tu abbia messo insieme due canzoni a caso','2025-07-31 12:14:39',6,31,NULL),(1062,'Concordo pienamente','2025-09-09 21:21:39',6,31,461),(1063,'Non riesco a capire il senso di questo mix','2025-03-29 20:33:23',6,32,NULL),(1064,'No, non ci siamo!','2025-09-13 22:48:16',6,32,NULL),(1065,'Non riesco a capire il senso di questo mix','2025-09-28 13:46:40',6,33,NULL),(1066,'Anche io la penso così','2025-09-29 01:09:39',6,33,265),(1067,'Mi trovo d\'accordo con te','2025-09-09 09:04:15',6,34,68),(1068,'Non riesco a capire il senso di questo mix','2025-09-04 20:04:35',6,34,NULL),(1069,'Esatto','2025-08-19 15:23:30',6,35,470),(1070,'Assolutamente da ascoltare','2025-09-10 07:59:59',6,35,NULL),(1071,'Dovete provarlo, ne vale la pena!','2025-09-29 21:42:10',6,36,NULL),(1072,'Io invece lo trovo un mix interessante','2025-09-28 00:22:30',6,36,71),(1073,'Sono d\'accordo con te','2025-08-19 20:58:52',6,37,274),(1074,'Sono della tua stessa opinione','2025-08-19 16:04:34',6,37,1873),(1075,'Non mi piace per niente','2025-07-28 16:55:50',6,38,NULL),(1076,'Sono d\'accordo con te','2025-09-20 05:09:57',6,38,276),(1077,'Sono della tua stessa opinione','2025-06-04 10:06:44',6,39,1878),(1078,'Anche io la penso così','2025-06-08 03:48:28',6,39,1278),(1079,'Hai ragione','2025-09-22 07:50:26',6,40,280),(1080,'Io ci metterei un altro brano come secondo. Questo non c\'entra nulla con il primo','2025-05-17 19:19:52',6,40,NULL),(1081,'Non riesco a capire il senso di questo mix','2025-08-13 06:31:17',6,41,NULL),(1082,'Non riesco a capire il senso di questo mix','2025-08-13 15:40:46',6,41,NULL),(1083,'Esatto','2025-09-27 16:28:37',6,42,83),(1084,'Sono della tua stessa opinione','2025-09-27 14:02:41',6,42,1283),(1085,'L\'ho provato anch\'io e la penso come te','2025-07-31 04:12:03',6,43,286),(1086,'Hai ragione','2025-05-20 16:16:07',6,43,486),(1087,'L\'ho provato anch\'io e la penso come te','2025-06-10 18:33:56',6,44,1287),(1088,'Pessimo accostamento','2025-08-30 10:56:24',6,44,NULL),(1089,'Sembra che tu abbia messo insieme due canzoni a caso','2025-07-31 11:32:27',6,45,NULL),(1090,'No, non ci siamo!','2025-08-30 05:52:03',6,45,NULL),(1091,'Pessimo accostamento','2025-05-06 10:44:56',6,46,NULL),(1092,'Hai ragione','2025-04-29 13:20:02',6,46,1091),(1093,'Non riesco a capire il senso di questo mix','2025-08-23 07:35:13',6,47,NULL),(1094,'Anche io la penso così','2025-05-20 18:26:11',6,47,893),(1095,'Esatto','2025-08-17 00:16:44',6,48,296),(1096,'Concordo pienamente','2025-09-14 13:41:05',6,48,496),(1097,'Dovete provarlo, ne vale la pena!','2025-09-07 11:50:53',6,49,NULL),(1098,'Dovete provarlo, ne vale la pena!','2025-08-19 03:41:24',6,49,NULL),(1099,'Fantastico, complimenti!','2025-07-02 10:00:46',6,50,NULL),(1100,'Super consigliato!','2025-08-16 11:35:47',6,50,NULL),(1101,'Non riesco a capire il senso di questo mix','2025-09-15 23:05:22',6,51,NULL),(1102,'No, non ci siamo!','2025-08-13 08:24:11',6,51,NULL),(1103,'Pessimo accostamento','2025-07-11 13:46:08',6,52,NULL),(1104,'Sono della tua stessa opinione','2025-03-08 01:13:14',6,52,903),(1105,'Hai ragione','2025-07-11 11:40:53',6,53,1506),(1106,'Sembra che tu abbia messo insieme due canzoni a caso','2025-05-03 19:34:36',6,53,NULL),(1107,'Sembra che tu abbia messo insieme due canzoni a caso','2025-08-31 12:53:51',6,54,NULL),(1108,'No, non ci siamo!','2025-09-16 01:07:00',6,54,NULL),(1109,'Non mi piace per niente','2025-09-10 23:08:16',6,55,NULL),(1110,'Non puoi mettere insieme questi due brani dai, sono troppo diversi!','2025-06-26 00:35:54',6,55,NULL),(1111,'Pessimo accostamento','2025-08-27 08:30:01',6,56,NULL),(1112,'No, non ci siamo!','2025-09-21 00:34:47',6,56,NULL),(1113,'Esatto','2025-07-27 19:15:02',6,57,914),(1114,'Hai ragione','2025-09-03 19:13:25',6,57,1113),(1115,'Sembra che tu abbia messo insieme due canzoni a caso','2025-04-10 04:20:03',6,58,NULL),(1116,'Mi trovo d\'accordo con te','2025-07-11 13:59:53',6,58,1716),(1117,'Super consigliato!','2025-06-23 08:25:22',6,59,NULL),(1118,'Mi piace molto questo pezzo','2025-09-25 19:10:53',6,59,NULL),(1119,'Sono della tua stessa opinione','2025-08-11 21:29:21',6,60,1320),(1120,'L\'ho provato anch\'io e la penso come te','2025-08-22 13:22:16',6,60,519),(1121,'Hai ragione','2025-06-29 21:21:11',6,61,722),(1122,'Io invece lo trovo un mix mal riuscito','2025-06-03 21:58:16',6,61,1921),(1123,'Sembra che tu abbia messo insieme due canzoni a caso','2025-06-11 11:11:32',6,62,NULL),(1124,'No, non ci siamo!','2025-09-09 00:11:25',6,62,NULL),(1125,'Mi trovo d\'accordo con te','2025-08-10 10:34:57',6,63,326),(1126,'Sono d\'accordo con te','2025-08-14 07:31:08',6,63,325),(1127,'Io invece lo trovo un mix interessante','2025-08-06 02:59:55',6,64,328),(1128,'Io invece lo trovo un mix interessante','2025-04-25 01:35:24',6,64,527),(1129,'Mi trovo d\'accordo con te','2025-08-02 03:19:23',6,65,129),(1130,'Non riesco a capire il senso di questo mix','2025-07-05 08:45:27',6,65,NULL),(1131,'Sembra che tu abbia messo insieme due canzoni a caso','2025-08-08 23:05:51',6,66,NULL),(1132,'Non mi piace per niente','2025-08-08 07:10:25',6,66,NULL),(1133,'Pessimo accostamento','2025-09-29 20:48:54',6,67,NULL),(1134,'Io ci metterei un altro brano come secondo. Questo non c\'entra nulla con il primo','2025-09-25 03:33:22',6,67,NULL),(1135,'Mi piace molto questo pezzo','2025-09-27 18:52:47',6,68,NULL),(1136,'Mi piace molto questo pezzo','2025-09-05 15:29:34',6,68,NULL),(1137,'Non puoi mettere insieme questi due brani dai, sono troppo diversi!','2025-04-14 03:27:02',6,69,NULL),(1138,'No, non ci siamo!','2025-06-01 21:06:01',6,69,NULL),(1139,'Secondo me non è un mix pessimo','2025-03-24 07:12:29',6,70,940),(1140,'Mi è piaciuto, ma ci sono margini di miglioramento','2025-08-13 14:41:57',6,70,NULL),(1141,'Concordo pienamente','2025-09-04 18:23:16',6,71,341),(1142,'Anche io la penso così','2025-06-12 19:27:47',6,71,542),(1143,'Secondo me è un ottimo accostamento invece','2025-08-23 15:31:47',6,72,944),(1144,'Che ritmo coinvolgente!','2025-06-04 14:16:47',6,72,NULL),(1145,'Pessimo accostamento','2025-07-18 13:20:25',6,73,NULL),(1146,'Io invece lo trovo un mix mal riuscito','2025-08-17 06:40:47',6,73,945),(1147,'Bene, ma si potrebbe fare un crossfade diverso','2025-07-18 12:47:34',6,74,NULL),(1148,'L\'ho provato. Pensavo peggio, e invece suona abbastanza bene','2025-08-05 10:43:48',6,74,148),(1149,'Esatto','2025-06-21 21:25:36',6,75,949),(1150,'Mi trovo d\'accordo con te','2025-08-07 08:22:02',6,75,550),(1151,'Io invece lo trovo un mix orrendo','2025-06-02 01:08:53',6,76,1352),(1152,'Non puoi mettere insieme questi due brani dai, sono troppo diversi!','2025-08-01 06:17:58',6,76,NULL),(1153,'Non mi piace per niente','2025-07-05 05:06:08',6,77,NULL),(1154,'L\'ho provato anch\'io e la penso come te','2025-05-22 13:41:03',6,77,754),(1155,'L\'ho provato anch\'io e la penso come te','2025-09-23 04:43:20',6,78,955),(1156,'Hai ragione','2025-06-21 04:00:15',6,78,156),(1157,'Non puoi mettere insieme questi due brani dai, sono troppo diversi!','2025-09-13 09:58:05',6,79,NULL),(1158,'Anche io la penso così','2025-03-04 16:15:03',6,79,957),(1159,'Anche io la penso così','2025-08-27 14:02:21',6,80,159),(1160,'L\'ho provato anch\'io e la penso come te','2025-07-18 21:16:02',6,80,559),(1161,'Io invece lo trovo un mix mal riuscito','2025-04-28 12:14:36',6,81,1361),(1162,'Non mi piace per niente','2025-03-02 12:55:37',6,81,NULL),(1163,'Non puoi mettere insieme questi due brani dai, sono troppo diversi!','2025-08-29 07:17:32',6,82,NULL),(1164,'Anche io la penso così','2025-09-28 09:58:36',6,82,1363),(1165,'Mi trovo d\'accordo con te','2025-06-02 12:08:35',6,83,565),(1166,'Hai ragione','2025-06-09 04:40:51',6,83,1566),(1167,'Mi trovo d\'accordo con te','2025-08-26 08:41:12',6,84,1367),(1168,'Io ci metterei un altro brano come secondo. Questo non c\'entra nulla con il primo','2025-06-03 19:46:17',6,84,NULL),(1169,'Sono d\'accordo con te','2025-08-22 23:04:43',6,85,969),(1170,'Io ci metterei un altro brano come secondo. Questo non c\'entra nulla con il primo','2025-09-25 09:46:31',6,85,NULL),(1171,'Io ci metterei un altro brano come secondo. Questo non c\'entra nulla con il primo','2025-06-01 00:38:00',6,86,NULL),(1172,'Esatto','2025-04-28 01:35:40',6,86,1171),(1173,'Sembra che tu abbia messo insieme due canzoni a caso','2025-09-12 17:21:46',6,87,NULL),(1174,'Io invece lo trovo un mix mal riuscito','2025-09-11 04:22:25',6,87,1973),(1175,'Pessimo accostamento','2025-06-16 22:48:41',6,88,NULL),(1176,'Sono d\'accordo con te','2025-07-13 04:40:02',6,88,976),(1177,'Pessimo accostamento','2025-05-13 15:54:49',6,89,NULL),(1178,'Concordo pienamente','2025-06-22 19:26:16',6,89,1578),(1179,'Non è un mix orrendo dai','2025-04-23 03:42:38',6,90,179),(1180,'Secondo me non è un mix pessimo','2025-01-28 16:35:03',6,90,979),(1181,'Non riesco a capire il senso di questo mix','2025-04-15 18:13:37',6,91,NULL),(1182,'Io ci metterei un altro brano come secondo. Questo non c\'entra nulla con il primo','2025-07-01 15:51:23',6,91,NULL),(1183,'Io invece lo trovo un mix ben riuscito','2025-08-13 17:22:24',6,92,783),(1184,'Mi piace molto questo pezzo','2025-05-14 01:28:08',6,92,NULL),(1185,'Non riesco a capire il senso di questo mix','2025-07-08 09:24:44',6,93,NULL),(1186,'Non mi piace per niente','2025-03-30 04:19:37',6,93,NULL),(1187,'Che ritmo coinvolgente!','2025-09-07 06:02:56',6,94,NULL),(1188,'Io invece lo trovo un mix fantastico','2025-09-10 13:22:28',6,94,388),(1189,'Sembra che tu abbia messo insieme due canzoni a caso','2025-09-01 00:00:09',6,95,NULL),(1190,'Non mi piace per niente','2025-08-31 07:45:44',6,95,NULL),(1191,'Hai ragione','2025-09-27 01:33:07',6,96,591),(1192,'Non mi piace per niente','2025-09-29 02:48:53',6,96,NULL),(1193,'Non puoi mettere insieme questi due brani dai, sono troppo diversi!','2025-08-07 18:54:23',6,97,NULL),(1194,'No, non ci siamo!','2025-07-31 23:33:23',6,97,NULL),(1195,'Mi trovo d\'accordo con te','2025-09-10 06:40:30',6,98,1595),(1196,'Hai ragione','2025-08-01 01:59:10',6,98,1396),(1197,'Mi trovo d\'accordo con te','2025-07-09 01:36:00',6,99,1198),(1198,'Non puoi mettere insieme questi due brani dai, sono troppo diversi!','2025-05-06 14:27:44',6,99,NULL),(1199,'Esatto','2025-07-26 02:01:11',6,100,1400),(1200,'Pessimo accostamento','2025-09-21 04:30:41',6,100,NULL),(1201,'Non puoi mettere insieme questi due brani dai, sono troppo diversi!','2025-09-06 16:04:15',7,1,NULL),(1202,'Mi trovo d\'accordo con te','2025-09-22 19:59:01',7,1,601),(1203,'Sembra che tu abbia messo insieme due canzoni a caso','2025-09-27 20:53:33',7,2,NULL),(1204,'Non puoi mettere insieme questi due brani dai, sono troppo diversi!','2025-09-26 23:46:18',7,2,NULL),(1205,'L\'ho provato anch\'io e la penso come te','2025-09-07 06:53:17',7,3,1806),(1206,'Pessimo accostamento','2025-09-07 04:01:25',7,3,NULL),(1207,'Non riesco a capire il senso di questo mix','2025-06-07 01:02:08',7,4,NULL),(1208,'Mi trovo d\'accordo con te','2025-08-03 02:03:01',7,4,808),(1209,'Il secondo pezzo dovrebbe entrare prima','2025-08-31 09:57:57',7,5,NULL),(1210,'A me invece non ha fatto impazzire','2025-09-12 18:22:37',7,5,809),(1211,'Hai ragione','2025-09-13 09:45:07',7,6,1811),(1212,'Non puoi mettere insieme questi due brani dai, sono troppo diversi!','2025-07-28 04:51:04',7,6,NULL),(1213,'Pessimo accostamento','2025-05-18 09:05:16',7,7,NULL),(1214,'Non puoi mettere insieme questi due brani dai, sono troppo diversi!','2025-06-08 14:26:54',7,7,NULL),(1215,'Non riesco a capire il senso di questo mix','2025-09-25 21:21:38',7,8,NULL),(1216,'No, non ci siamo!','2025-09-22 04:09:45',7,8,NULL),(1217,'Il secondo pezzo dovrebbe entrare più tardi','2025-05-08 00:46:22',7,9,NULL),(1218,'L\'ho provato anch\'io e la penso come te','2025-07-30 02:56:50',7,9,1217),(1219,'Pessimo accostamento','2025-09-25 20:05:33',7,10,NULL),(1220,'Anche io la penso così','2025-06-29 04:33:31',7,10,619),(1221,'Non è un mix da buttare via','2025-09-25 01:07:08',7,11,1022),(1222,'Non è un mix da buttare via','2025-09-25 02:48:35',7,11,822),(1223,'Sembra che tu abbia messo insieme due canzoni a caso','2025-09-29 04:13:37',7,12,NULL),(1224,'Non mi piace per niente','2025-09-28 20:29:32',7,12,NULL),(1225,'Pessimo accostamento','2025-08-31 17:20:31',7,13,NULL),(1226,'Non mi piace per niente','2025-09-27 20:33:42',7,13,NULL),(1227,'Sono della tua stessa opinione','2025-09-03 12:47:54',7,14,1427),(1228,'Sembra che tu abbia messo insieme due canzoni a caso','2025-08-17 13:59:50',7,14,NULL),(1229,'Non è così male dai!!','2025-08-23 09:14:11',7,15,629),(1230,'Il secondo pezzo dovrebbe entrare più tardi','2025-09-26 00:20:58',7,15,NULL),(1231,'Mi trovo d\'accordo con te','2025-09-26 19:49:56',7,16,831),(1232,'Sembra che tu abbia messo insieme due canzoni a caso','2025-08-24 21:16:21',7,16,NULL),(1233,'Non mi piace per niente','2025-09-25 05:57:38',7,17,NULL),(1234,'Anche io la penso così','2025-09-29 03:04:38',7,17,634),(1235,'Pessimo accostamento','2025-08-04 00:09:29',7,18,NULL),(1236,'Non mi piace per niente','2025-08-29 03:12:54',7,18,NULL),(1237,'Hai ragione','2025-06-02 03:32:58',7,19,638),(1238,'Non sono d\'accordo, secondo me è un pessimo mix','2025-05-23 00:16:49',7,19,1838),(1239,'Sono della tua stessa opinione','2025-07-17 02:29:52',7,20,1840),(1240,'Hai ragione','2025-08-02 04:24:31',7,20,1040),(1241,'Non riesco a capire il senso di questo mix','2025-07-06 01:44:08',7,21,NULL),(1242,'Non mi piace per niente','2025-09-02 20:28:52',7,21,NULL),(1243,'Sono della tua stessa opinione','2025-07-06 13:54:41',7,22,44),(1244,'Esatto','2025-05-04 07:33:30',7,22,644),(1245,'Non riesco a capire il senso di questo mix','2025-09-23 11:21:48',7,23,NULL),(1246,'Pessimo accostamento','2025-09-27 18:08:59',7,23,NULL),(1247,'L\'ho provato anch\'io e la penso come te','2025-06-23 07:00:47',7,24,647),(1248,'Sono d\'accordo con te','2025-07-15 16:51:16',7,24,1047),(1249,'Mi piace molto questo pezzo','2025-09-09 20:28:49',7,25,NULL),(1250,'Bellissimo mix','2025-08-16 01:59:47',7,25,NULL),(1251,'Sono d\'accordo con te','2025-08-04 16:14:06',7,26,1452),(1252,'Io ci metterei un altro brano come secondo. Questo non c\'entra nulla con il primo','2025-04-14 15:55:51',7,26,NULL),(1253,'Non puoi mettere insieme questi due brani dai, sono troppo diversi!','2025-07-19 00:48:46',7,27,NULL),(1254,'Hai ragione','2025-09-16 09:08:35',7,27,653),(1255,'No, non ci siamo!','2025-09-24 18:28:58',7,28,NULL),(1256,'Io ci metterei un altro brano come secondo. Questo non c\'entra nulla con il primo','2025-09-21 13:15:57',7,28,NULL),(1257,'Super consigliato!','2025-07-24 09:37:57',7,29,NULL),(1258,'Io invece lo trovo un mix interessante','2025-06-25 11:08:59',7,29,458),(1259,'Non puoi mettere insieme questi due brani dai, sono troppo diversi!','2025-02-19 18:49:26',7,30,NULL),(1260,'Anche io la penso così','2025-06-23 15:30:21',7,30,1459),(1261,'Non mi piace per niente','2025-07-22 07:31:05',7,31,NULL),(1262,'L\'ho provato anch\'io e la penso come te','2025-07-12 02:34:43',7,31,1462),(1263,'Concordo pienamente','2025-06-06 14:55:41',7,32,64),(1264,'Non puoi mettere insieme questi due brani dai, sono troppo diversi!','2025-03-27 02:27:06',7,32,NULL),(1265,'Secondo me non è un mix pessimo','2025-09-29 20:23:25',7,33,1065),(1266,'Bene, ma si potrebbe fare un crossfade diverso','2025-09-28 03:35:34',7,33,NULL),(1267,'Esatto','2025-08-28 03:27:01',7,34,867),(1268,'Esatto','2025-08-20 23:31:07',7,34,468),(1269,'Io ci metterei un altro brano come secondo. Questo non c\'entra nulla con il primo','2025-06-16 00:01:25',7,35,NULL),(1270,'Non riesco a capire il senso di questo mix','2025-07-29 15:57:57',7,35,NULL),(1271,'Sembra che tu abbia messo insieme due canzoni a caso','2025-09-19 14:22:34',7,36,NULL),(1272,'Anche io la penso così','2025-09-25 20:07:34',7,36,1271),(1273,'Anche io la penso così','2025-08-05 13:45:15',7,37,274),(1274,'Sono d\'accordo con te','2025-09-13 01:01:02',7,37,1074),(1275,'Secondo me è un ottimo accostamento invece','2025-07-18 22:39:19',7,38,1675),(1276,'Mi piace molto questo pezzo','2025-03-30 16:02:28',7,38,NULL),(1277,'No, non ci siamo!','2025-07-12 18:23:03',7,39,NULL),(1278,'Esatto','2025-07-04 03:22:25',7,39,1877),(1279,'L\'ho provato e non era male, ma non mi ha entusiasmato','2025-06-30 04:17:30',7,40,NULL),(1280,'Bene, ma si potrebbe fare un crossfade diverso','2025-08-25 11:28:36',7,40,NULL),(1281,'Non puoi mettere insieme questi due brani dai, sono troppo diversi!','2025-09-25 03:41:36',7,41,NULL),(1282,'A me non piace per niente questo mix','2025-08-27 23:03:15',7,41,482),(1283,'No, non ci siamo!','2025-09-27 11:35:20',7,42,NULL),(1284,'Sono d\'accordo con te','2025-09-27 04:16:53',7,42,684),(1285,'Mi trovo d\'accordo con te','2025-07-25 22:44:34',7,43,1286),(1286,'Esatto','2025-06-27 02:42:13',7,43,85),(1287,'Pessimo accostamento','2025-06-04 22:25:25',7,44,NULL),(1288,'Mi trovo d\'accordo con te','2025-09-27 20:35:01',7,44,1688),(1289,'L\'ho provato anch\'io e la penso come te','2025-05-18 09:00:31',7,45,890),(1290,'Non riesco a capire il senso di questo mix','2025-09-13 02:25:01',7,45,NULL),(1291,'Secondo me è un ottimo accostamento invece','2025-03-06 23:40:25',7,46,691),(1292,'Fantastico, complimenti!','2025-09-17 16:02:51',7,46,NULL),(1293,'Fantastico, complimenti!','2025-05-05 16:27:06',7,47,NULL),(1294,'Bellissimo mix','2025-06-03 13:05:19',7,47,NULL),(1295,'L\'ho provato anch\'io e la penso come te','2025-09-22 05:59:52',7,48,1296),(1296,'Non riesco a capire il senso di questo mix','2025-09-23 08:06:46',7,48,NULL),(1297,'Non puoi mettere insieme questi due brani dai, sono troppo diversi!','2025-06-23 15:16:49',7,49,NULL),(1298,'Io ci metterei un altro brano come secondo. Questo non c\'entra nulla con il primo','2025-04-28 06:14:39',7,49,NULL),(1299,'Secondo me è un pessimo accostamento','2025-09-06 14:08:57',7,50,500),(1300,'Io ci metterei un altro brano come secondo. Questo non c\'entra nulla con il primo','2025-08-29 18:36:30',7,50,NULL),(1301,'Non puoi mettere insieme questi due brani dai, sono troppo diversi!','2025-08-24 05:28:16',7,51,NULL),(1302,'Non mi piace per niente','2025-09-15 08:34:26',7,51,NULL),(1303,'Concordo pienamente','2025-09-15 21:09:37',7,52,704),(1304,'Non riesco a capire il senso di questo mix','2025-03-25 22:07:24',7,52,NULL),(1305,'Non puoi mettere insieme questi due brani dai, sono troppo diversi!','2025-07-13 10:36:00',7,53,NULL),(1306,'No, non ci siamo!','2025-08-20 00:10:31',7,53,NULL),(1307,'Non puoi mettere insieme questi due brani dai, sono troppo diversi!','2025-09-13 22:06:01',7,54,NULL),(1308,'Sono della tua stessa opinione','2025-08-22 04:26:47',7,54,508),(1309,'Non puoi mettere insieme questi due brani dai, sono troppo diversi!','2025-09-20 09:35:47',7,55,NULL),(1310,'Io ci metterei un altro brano come secondo. Questo non c\'entra nulla con il primo','2025-09-23 16:42:38',7,55,NULL),(1311,'Anche io la penso così','2025-08-22 00:59:18',7,56,1912),(1312,'Anche io la penso così','2025-07-30 08:50:46',7,56,311),(1313,'Io invece lo trovo un mix mal riuscito','2025-09-18 15:25:07',7,57,513),(1314,'Pessimo accostamento','2025-08-21 01:44:28',7,57,NULL),(1315,'Esatto','2025-05-29 05:36:10',7,58,116),(1316,'Io ci metterei un altro brano come secondo. Questo non c\'entra nulla con il primo','2025-06-30 20:19:00',7,58,NULL),(1317,'No, non ci siamo!','2025-07-21 04:51:09',7,59,NULL),(1318,'Concordo pienamente','2025-07-28 22:32:51',7,59,1518),(1319,'Hai ragione','2025-07-29 00:09:11',7,60,520),(1320,'Pessimo accostamento','2025-07-25 15:14:42',7,60,NULL),(1321,'Io invece lo trovo un mix orrendo','2025-05-20 22:03:06',7,61,1922),(1322,'Non puoi mettere insieme questi due brani dai, sono troppo diversi!','2025-09-19 13:15:58',7,61,NULL),(1323,'Sono d\'accordo con te','2025-05-28 19:39:15',7,62,1124),(1324,'L\'ho provato anch\'io e la penso come te','2025-07-05 22:40:29',7,62,323),(1325,'Io invece lo trovo un mix mal riuscito','2025-08-19 14:33:13',7,63,1926),(1326,'Sono d\'accordo con te','2025-09-06 15:22:08',7,63,1726),(1327,'Io ci metterei un altro brano come secondo. Questo non c\'entra nulla con il primo','2025-08-21 10:02:25',7,64,NULL),(1328,'Non riesco a capire il senso di questo mix','2025-06-26 23:07:36',7,64,NULL),(1329,'Non riesco a capire il senso di questo mix','2025-08-09 07:17:52',7,65,NULL),(1330,'Non riesco a capire il senso di questo mix','2025-07-27 00:10:29',7,65,NULL),(1331,'Io ci metterei un altro brano come secondo. Questo non c\'entra nulla con il primo','2025-08-21 20:32:24',7,66,NULL),(1332,'Pessimo accostamento','2025-09-25 06:29:48',7,66,NULL),(1333,'Esatto','2025-09-10 13:38:38',7,67,334),(1334,'Io invece lo trovo un mix mal riuscito','2025-09-17 05:35:14',7,67,1533),(1335,'Concordo pienamente','2025-09-05 10:43:54',7,68,336),(1336,'Non riesco a capire il senso di questo mix','2025-09-28 21:08:07',7,68,NULL),(1337,'Non riesco a capire il senso di questo mix','2025-05-19 09:57:41',7,69,NULL),(1338,'Anche io la penso così','2025-09-08 15:07:58',7,69,338),(1339,'Mi trovo d\'accordo con te','2025-08-11 07:24:12',7,70,1740),(1340,'Sembra che tu abbia messo insieme due canzoni a caso','2025-07-21 14:31:29',7,70,NULL),(1341,'Non puoi mettere insieme questi due brani dai, sono troppo diversi!','2025-02-08 19:47:52',7,71,NULL),(1342,'Non mi piace per niente','2025-03-09 13:33:12',7,71,NULL),(1343,'Sembra che tu abbia messo insieme due canzoni a caso','2025-07-21 19:12:07',7,72,NULL),(1344,'Sono d\'accordo con te','2025-08-01 20:51:00',7,72,1544),(1345,'Fantastico, complimenti!','2025-06-13 12:11:53',7,73,NULL),(1346,'Ottimo lavoro, bravissimo!','2025-09-05 10:39:57',7,73,NULL),(1347,'Mi è piaciuto, ma ci sono margini di miglioramento','2025-04-27 13:31:38',7,74,NULL),(1348,'L\'ho provato e non era male, ma non mi ha entusiasmato','2025-07-16 06:55:52',7,74,NULL),(1349,'Fantastico, complimenti!','2025-06-20 19:04:31',7,75,NULL),(1350,'A me invece piace molto questo mix','2025-09-29 02:26:09',7,75,349),(1351,'Che ritmo coinvolgente!','2025-04-10 17:31:45',7,76,NULL),(1352,'Non riesco a smettere di ascoltarlo','2025-09-07 09:27:34',7,76,NULL),(1353,'Hai ragione','2025-06-08 00:42:28',7,77,1153),(1354,'Hai ragione','2025-06-19 12:57:00',7,77,1754),(1355,'A me non piace per niente questo mix','2025-08-10 07:55:03',7,78,1956),(1356,'Anche io la penso così','2025-04-22 11:34:07',7,78,1355),(1357,'Non puoi mettere insieme questi due brani dai, sono troppo diversi!','2025-03-13 12:34:20',7,79,NULL),(1358,'Esatto','2025-05-12 15:51:50',7,79,357),(1359,'Sembra che tu abbia messo insieme due canzoni a caso','2025-09-21 22:45:59',7,80,NULL),(1360,'Non riesco a capire il senso di questo mix','2025-08-25 18:46:05',7,80,NULL),(1361,'Fantastico, complimenti!','2025-08-19 22:20:25',7,81,NULL),(1362,'Io invece lo trovo un mix ben riuscito','2025-09-02 16:31:30',7,81,1161),(1363,'Mi trovo d\'accordo con te','2025-08-06 07:08:10',7,82,1563),(1364,'Non riesco a capire il senso di questo mix','2025-08-09 04:22:28',7,82,NULL),(1365,'Pessimo accostamento','2025-09-19 01:50:15',7,83,NULL),(1366,'Pessimo accostamento','2025-06-07 13:09:49',7,83,NULL),(1367,'Non riesco a capire il senso di questo mix','2025-04-10 18:26:24',7,84,NULL),(1368,'Concordo pienamente','2025-07-19 12:43:57',7,84,1767),(1369,'Non è un mix orrendo dai','2025-08-17 03:30:05',7,85,570),(1370,'Il secondo pezzo dovrebbe entrare prima','2025-09-15 09:01:25',7,85,NULL),(1371,'No, non ci siamo!','2025-05-20 04:05:57',7,86,NULL),(1372,'Sono d\'accordo con te','2025-08-12 01:40:43',7,86,1371),(1373,'Non puoi mettere insieme questi due brani dai, sono troppo diversi!','2025-09-18 21:11:48',7,87,NULL),(1374,'Non riesco a capire il senso di questo mix','2025-09-20 03:27:08',7,87,NULL),(1375,'Non mi piace per niente','2025-07-14 17:52:51',7,88,NULL),(1376,'Mi trovo d\'accordo con te','2025-06-20 08:16:28',7,88,376),(1377,'Pessimo accostamento','2025-08-08 19:47:51',7,89,NULL),(1378,'Hai ragione','2025-02-11 15:23:27',7,89,978),(1379,'Anche io la penso così','2025-06-16 04:14:47',7,90,379),(1380,'Io invece lo trovo un mix mal riuscito','2025-02-21 20:33:29',7,90,1179),(1381,'No, non ci siamo!','2025-09-29 10:58:36',7,91,NULL),(1382,'Io invece lo trovo un mix mal riuscito','2025-09-23 18:19:13',7,91,782),(1383,'Sembra che tu abbia messo insieme due canzoni a caso','2025-09-25 15:53:15',7,92,NULL),(1384,'Mi trovo d\'accordo con te','2025-08-19 14:39:12',7,92,1383),(1385,'Mi trovo d\'accordo con te','2025-07-07 14:33:27',7,93,185),(1386,'Sono d\'accordo con te','2025-04-10 05:42:01',7,93,386),(1387,'Sono della tua stessa opinione','2025-08-05 10:58:50',7,94,987),(1388,'Hai ragione','2025-05-08 05:23:16',7,94,187),(1389,'Non riesco a capire il senso di questo mix','2025-09-08 05:38:30',7,95,NULL),(1390,'Non mi piace per niente','2025-09-20 23:32:19',7,95,NULL),(1391,'Sono d\'accordo con te','2025-09-27 04:16:04',7,96,991),(1392,'Pessimo accostamento','2025-09-26 16:58:51',7,96,NULL),(1393,'Io ci metterei un altro brano come secondo. Questo non c\'entra nulla con il primo','2025-08-24 08:53:49',7,97,NULL),(1394,'Sembra che tu abbia messo insieme due canzoni a caso','2025-04-23 09:45:36',7,97,NULL),(1395,'Sono d\'accordo con te','2025-08-15 10:03:26',7,98,1795),(1396,'No, non ci siamo!','2025-02-20 21:13:30',7,98,NULL),(1397,'Non mi piace per niente','2025-06-06 21:03:59',7,99,NULL),(1398,'Non puoi mettere insieme questi due brani dai, sono troppo diversi!','2025-09-19 04:28:12',7,99,NULL),(1399,'Mi trovo d\'accordo con te','2025-07-29 06:45:12',7,100,599),(1400,'Non riesco a capire il senso di questo mix','2025-07-27 07:48:02',7,100,NULL),(1401,'Hai ragione','2025-09-22 06:53:25',8,1,202),(1402,'Sono della tua stessa opinione','2025-09-14 08:38:36',8,1,2),(1403,'Concordo pienamente','2025-09-27 20:19:12',8,2,603),(1404,'Non sono d\'accordo, secondo me è un pessimo mix','2025-09-27 21:29:06',8,2,3),(1405,'Sembra che tu abbia messo insieme due canzoni a caso','2025-09-17 12:50:51',8,3,NULL),(1406,'Io ci metterei un altro brano come secondo. Questo non c\'entra nulla con il primo','2025-09-04 23:37:28',8,3,NULL),(1407,'L\'ho provato anch\'io e la penso come te','2025-07-28 23:44:07',8,4,607),(1408,'Io invece lo trovo un mix mal riuscito','2025-03-19 21:56:49',8,4,1808),(1409,'Pessimo accostamento','2025-08-12 18:34:11',8,5,NULL),(1410,'Non puoi mettere insieme questi due brani dai, sono troppo diversi!','2025-09-15 09:44:08',8,5,NULL),(1411,'Non puoi mettere insieme questi due brani dai, sono troppo diversi!','2025-07-07 10:48:11',8,6,NULL),(1412,'No, non ci siamo!','2025-08-01 17:31:01',8,6,NULL),(1413,'No, non ci siamo!','2025-09-19 09:41:48',8,7,NULL),(1414,'L\'ho provato anch\'io e la penso come te','2025-06-05 06:05:19',8,7,1814),(1415,'Non mi piace per niente','2025-09-16 23:16:42',8,8,NULL),(1416,'No, non ci siamo!','2025-09-18 21:03:24',8,8,NULL),(1417,'Io invece lo trovo un mix orrendo','2025-09-22 05:28:44',8,9,18),(1418,'Non riesco a capire il senso di questo mix','2025-07-20 09:10:57',8,9,NULL),(1419,'A me non piace per niente questo mix','2025-08-07 18:26:01',8,10,219),(1420,'Mi trovo d\'accordo con te','2025-07-17 20:50:36',8,10,1220),(1421,'No, non ci siamo!','2025-09-19 17:11:19',8,11,NULL),(1422,'Secondo me è un pessimo accostamento','2025-09-24 15:14:02',8,11,1222),(1423,'Non riesco a capire il senso di questo mix','2025-09-28 22:34:32',8,12,NULL),(1424,'Non mi piace per niente','2025-09-29 11:59:55',8,12,NULL),(1425,'Hai ragione','2025-08-28 16:48:06',8,13,1625),(1426,'Pessimo accostamento','2025-09-15 22:14:59',8,13,NULL),(1427,'Non riesco a capire il senso di questo mix','2025-07-09 18:17:08',8,14,NULL),(1428,'Pessimo accostamento','2025-08-12 02:31:21',8,14,NULL),(1429,'Concordo pienamente','2025-09-27 08:43:25',8,15,230),(1430,'Non mi piace per niente','2025-08-24 15:10:28',8,15,NULL),(1431,'Mi è piaciuto, ma ci sono margini di miglioramento','2025-07-05 08:25:59',8,16,NULL),(1432,'Non è un mix orrendo dai','2025-06-01 06:58:03',8,16,632),(1433,'L\'ho provato e non era male, ma non mi ha entusiasmato','2025-09-23 13:34:26',8,17,NULL),(1434,'L\'ho provato e non era male, ma non mi ha entusiasmato','2025-09-27 22:50:09',8,17,NULL),(1435,'Sembra che tu abbia messo insieme due canzoni a caso','2025-09-19 03:26:08',8,18,NULL),(1436,'Non mi piace per niente','2025-09-12 22:09:23',8,18,NULL),(1437,'Non mi piace per niente','2025-06-14 11:47:03',8,19,NULL),(1438,'Sembra che tu abbia messo insieme due canzoni a caso','2025-09-09 14:24:10',8,19,NULL),(1439,'Non mi piace per niente','2025-07-28 21:07:31',8,20,NULL),(1440,'Non riesco a capire il senso di questo mix','2025-06-07 07:24:45',8,20,NULL),(1441,'Io ci metterei un altro brano come secondo. Questo non c\'entra nulla con il primo','2025-09-24 04:45:59',8,21,NULL),(1442,'Sembra che tu abbia messo insieme due canzoni a caso','2025-08-05 07:44:46',8,21,NULL),(1443,'No, non ci siamo!','2025-08-05 00:58:33',8,22,NULL),(1444,'A me non piace per niente questo mix','2025-08-31 09:42:56',8,22,244),(1445,'Hai ragione','2025-09-19 12:37:41',8,23,1045),(1446,'Concordo pienamente','2025-09-17 19:40:59',8,23,1246),(1447,'No, non ci siamo!','2025-07-02 04:18:11',8,24,NULL),(1448,'Non mi piace per niente','2025-09-01 09:16:42',8,24,NULL),(1449,'Sono d\'accordo con te','2025-08-18 06:49:06',8,25,250),(1450,'Concordo pienamente','2025-09-28 18:37:56',8,25,449),(1451,'Anche io la penso così','2025-08-05 15:28:59',8,26,1452),(1452,'No, non ci siamo!','2025-07-13 19:14:20',8,26,NULL),(1453,'Sembra che tu abbia messo insieme due canzoni a caso','2025-06-10 20:47:08',8,27,NULL),(1454,'Sembra che tu abbia messo insieme due canzoni a caso','2025-09-12 15:42:05',8,27,NULL),(1455,'Mi trovo d\'accordo con te','2025-08-27 09:32:04',8,28,656),(1456,'Non mi piace per niente','2025-09-17 17:17:58',8,28,NULL),(1457,'Io ci metterei un altro brano come secondo. Questo non c\'entra nulla con il primo','2025-07-14 22:53:15',8,29,NULL),(1458,'No, non ci siamo!','2025-07-17 09:09:53',8,29,NULL),(1459,'Pessimo accostamento','2025-03-07 01:42:27',8,30,NULL),(1460,'Hai ragione','2025-07-30 06:26:30',8,30,1259),(1461,'Sono d\'accordo con te','2025-09-24 17:38:43',8,31,662),(1462,'Hai ragione','2025-07-20 09:45:55',8,31,262),(1463,'Esatto','2025-08-21 06:08:25',8,32,1464),(1464,'Sono d\'accordo con te','2025-09-29 18:12:37',8,32,863),(1465,'Che ritmo coinvolgente!','2025-09-28 09:46:21',8,33,NULL),(1466,'A me piace. Sicuro di averlo provato per bene?','2025-09-29 01:10:01',8,33,466),(1467,'Non riesco a smettere di ascoltarlo','2025-08-22 12:44:48',8,34,NULL),(1468,'A me piace questo mix, lo trovo ben fatto','2025-08-13 00:21:29',8,34,667),(1469,'Concordo pienamente','2025-08-31 07:33:14',8,35,270),(1470,'Io invece lo trovo un mix mal riuscito','2025-07-10 06:27:05',8,35,1069),(1471,'Anche io la penso così','2025-09-27 02:47:31',8,36,471),(1472,'Mi trovo d\'accordo con te','2025-09-20 15:16:41',8,36,471),(1473,'Non puoi mettere insieme questi due brani dai, sono troppo diversi!','2025-08-07 02:32:26',8,37,NULL),(1474,'Non riesco a capire il senso di questo mix','2025-08-08 20:52:06',8,37,NULL),(1475,'Hai ragione','2025-07-09 23:44:34',8,38,1675),(1476,'L\'ho provato anch\'io e la penso come te','2025-06-19 09:27:39',8,38,275),(1477,'Non mi piace per niente','2025-08-15 15:30:52',8,39,NULL),(1478,'Mi trovo d\'accordo con te','2025-08-07 00:32:15',8,39,1878),(1479,'Non puoi mettere insieme questi due brani dai, sono troppo diversi!','2025-05-15 13:23:59',8,40,NULL),(1480,'Mi trovo d\'accordo con te','2025-02-23 18:19:30',8,40,680),(1481,'Io ci metterei un altro brano come secondo. Questo non c\'entra nulla con il primo','2025-09-05 06:17:08',8,41,NULL),(1482,'Concordo pienamente','2025-07-23 09:39:44',8,41,1081),(1483,'L\'ho provato anch\'io e la penso come te','2025-09-27 08:49:20',8,42,1284),(1484,'L\'ho provato anch\'io e la penso come te','2025-09-28 12:47:25',8,42,1083),(1485,'Sono d\'accordo con te','2025-07-20 09:38:53',8,43,485),(1486,'No, non ci siamo!','2025-08-31 00:37:05',8,43,NULL),(1487,'Concordo pienamente','2025-08-05 08:53:22',8,44,688),(1488,'Pessimo accostamento','2025-07-30 16:24:15',8,44,NULL),(1489,'Pessimo accostamento','2025-08-21 01:16:51',8,45,NULL),(1490,'Concordo pienamente','2025-07-11 08:16:14',8,45,689),(1491,'Secondo me invece è un pessimo accostamento','2025-05-06 05:36:03',8,46,1291),(1492,'Io invece lo trovo un mix orrendo','2025-04-13 23:21:01',8,46,1291),(1493,'Hai ragione','2025-05-24 23:18:09',8,47,894),(1494,'Non riesco a capire il senso di questo mix','2025-06-17 11:37:25',8,47,NULL),(1495,'Secondo me non è un mix pessimo','2025-09-11 21:27:12',8,48,295),(1496,'Non è così male dai!!','2025-07-09 03:27:17',8,48,1696),(1497,'Io ci metterei un altro brano come secondo. Questo non c\'entra nulla con il primo','2025-07-31 10:14:54',8,49,NULL),(1498,'L\'ho provato anch\'io e la penso come te','2025-08-10 23:20:24',8,49,1898),(1499,'Non mi piace per niente','2025-08-04 12:14:24',8,50,NULL),(1500,'Secondo me è un pessimo accostamento','2025-07-26 21:40:26',8,50,499),(1501,'Dovete provarlo, ne vale la pena!','2025-07-13 15:18:35',8,51,NULL),(1502,'L\'ho provato anch\'io e la penso come te','2025-04-21 14:01:37',8,51,1501),(1503,'Mi piace molto questo pezzo','2025-06-23 05:26:55',8,52,NULL),(1504,'Bellissimo mix','2025-04-22 00:20:23',8,52,NULL),(1505,'L\'ho provato anch\'io e la penso come te','2025-07-17 05:28:22',8,53,1705),(1506,'No, non ci siamo!','2025-04-16 02:55:48',8,53,NULL),(1507,'Non è un mix da buttare via','2025-07-31 07:15:44',8,54,708),(1508,'Bene, ma si potrebbe fare un crossfade diverso','2025-08-16 16:10:56',8,54,NULL),(1509,'Mi trovo d\'accordo con te','2025-06-28 02:54:08',8,55,110),(1510,'Non riesco a capire il senso di questo mix','2025-09-10 03:55:20',8,55,NULL),(1511,'Mi è piaciuto, ma ci sono margini di miglioramento','2025-08-26 10:07:28',8,56,NULL),(1512,'Non è un mix orrendo dai','2025-08-11 11:48:47',8,56,111),(1513,'Bene, ma si potrebbe fare un crossfade diverso','2025-09-15 06:41:41',8,57,NULL),(1514,'Non è un mix da buttare via','2025-09-12 10:00:11',8,57,1713),(1515,'Sembra che tu abbia messo insieme due canzoni a caso','2025-04-29 00:34:00',8,58,NULL),(1516,'Hai ragione','2025-06-09 10:26:21',8,58,1716),(1517,'Pessimo accostamento','2025-07-10 01:17:30',8,59,NULL),(1518,'Pessimo accostamento','2025-06-28 11:47:24',8,59,NULL),(1519,'L\'ho provato. Pensavo peggio, e invece suona abbastanza bene','2025-07-30 11:28:55',8,60,120),(1520,'Il secondo pezzo dovrebbe entrare prima','2025-07-28 08:40:10',8,60,NULL),(1521,'Io invece lo trovo un mix orrendo','2025-06-24 17:24:06',8,61,322),(1522,'Io ci metterei un altro brano come secondo. Questo non c\'entra nulla con il primo','2025-05-25 13:45:04',8,61,NULL),(1523,'Sembra che tu abbia messo insieme due canzoni a caso','2025-05-05 00:26:54',8,62,NULL),(1524,'A me non piace per niente questo mix','2025-03-27 00:28:12',8,62,723),(1525,'Io invece lo trovo un mix fantastico','2025-08-01 02:43:30',8,63,926),(1526,'Io invece lo trovo un mix interessante','2025-08-09 02:31:47',8,63,1126),(1527,'Io ci metterei un altro brano come secondo. Questo non c\'entra nulla con il primo','2025-06-11 23:28:09',8,64,NULL),(1528,'Esatto','2025-08-08 07:58:59',8,64,728),(1529,'Sono d\'accordo con te','2025-08-30 20:33:06',8,65,730),(1530,'Sembra che tu abbia messo insieme due canzoni a caso','2025-07-12 23:37:47',8,65,NULL),(1531,'Hai ragione','2025-09-17 11:53:51',8,66,1131),(1532,'Non mi piace per niente','2025-09-10 14:15:42',8,66,NULL),(1533,'Secondo me non è un mix pessimo','2025-09-28 04:27:24',8,67,533),(1534,'Il secondo pezzo dovrebbe entrare più tardi','2025-09-23 19:57:36',8,67,NULL),(1535,'Non mi piace per niente','2025-09-24 15:39:50',8,68,NULL),(1536,'Sono della tua stessa opinione','2025-09-15 08:57:20',8,68,936),(1537,'Pessimo accostamento','2025-05-01 07:06:50',8,69,NULL),(1538,'Sono d\'accordo con te','2025-09-14 15:42:08',8,69,1537),(1539,'Non riesco a capire il senso di questo mix','2025-02-21 22:44:11',8,70,NULL),(1540,'L\'ho provato ma non viene bene per niente','2025-08-31 19:12:44',8,70,340),(1541,'L\'ho provato anch\'io e la penso come te','2025-08-24 17:35:56',8,71,942),(1542,'Concordo pienamente','2025-07-04 15:31:10',8,71,942),(1543,'Non puoi mettere insieme questi due brani dai, sono troppo diversi!','2025-06-12 03:27:56',8,72,NULL),(1544,'Non puoi mettere insieme questi due brani dai, sono troppo diversi!','2025-09-01 08:19:29',8,72,NULL),(1545,'Non mi piace per niente','2025-06-03 15:00:04',8,73,NULL),(1546,'Non mi piace per niente','2025-07-29 04:30:03',8,73,NULL),(1547,'Pessimo accostamento','2025-07-02 07:56:06',8,74,NULL),(1548,'Io ci metterei un altro brano come secondo. Questo non c\'entra nulla con il primo','2025-09-16 19:42:51',8,74,NULL),(1549,'L\'ho provato ma non viene bene per niente','2025-09-16 18:31:39',8,75,1349),(1550,'Concordo pienamente','2025-07-06 07:33:00',8,75,950),(1551,'L\'ho provato e non era male, ma non mi ha entusiasmato','2025-03-23 10:17:53',8,76,NULL),(1552,'Il secondo pezzo dovrebbe entrare prima','2025-02-15 01:49:37',8,76,NULL),(1553,'Non puoi mettere insieme questi due brani dai, sono troppo diversi!','2025-06-23 21:19:48',8,77,NULL),(1554,'L\'ho provato anch\'io e la penso come te','2025-07-24 08:20:41',8,77,553),(1555,'Io ci metterei un altro brano come secondo. Questo non c\'entra nulla con il primo','2025-08-14 17:04:04',8,78,NULL),(1556,'Non mi piace per niente','2025-08-26 15:00:19',8,78,NULL),(1557,'Concordo pienamente','2025-04-20 23:16:17',8,79,958),(1558,'Io invece lo trovo un mix mal riuscito','2025-08-09 14:19:46',8,79,1758),(1559,'Secondo me non è un mix pessimo','2025-07-16 14:40:15',8,80,1160),(1560,'L\'ho provato e non era male, ma non mi ha entusiasmato','2025-08-28 00:00:48',8,80,NULL),(1561,'Pessimo accostamento','2025-08-24 13:14:09',8,81,NULL),(1562,'No, non ci siamo!','2025-05-23 11:04:55',8,81,NULL),(1563,'Hai ragione','2025-08-30 00:07:50',8,82,1964),(1564,'Non mi piace per niente','2025-09-16 12:53:25',8,82,NULL),(1565,'Esatto','2025-08-11 23:18:29',8,83,1965),(1566,'Sono d\'accordo con te','2025-05-03 17:50:37',8,83,165),(1567,'Non riesco a capire il senso di questo mix','2025-07-29 01:55:00',8,84,NULL),(1568,'Anche io la penso così','2025-08-19 07:53:42',8,84,1567),(1569,'Anche io la penso così','2025-08-17 19:24:09',8,85,969),(1570,'Mi trovo d\'accordo con te','2025-09-03 21:50:15',8,85,169),(1571,'Hai ragione','2025-04-26 12:08:58',8,86,571),(1572,'No, non ci siamo!','2025-07-18 06:59:07',8,86,NULL),(1573,'Ma no dai, secondo me è un ottimo mix','2025-09-21 20:36:07',8,87,173),(1574,'Dovete provarlo, ne vale la pena!','2025-09-17 19:55:07',8,87,NULL),(1575,'Non riesco a capire il senso di questo mix','2025-09-04 16:47:41',8,88,NULL),(1576,'Sono d\'accordo con te','2025-07-05 08:58:11',8,88,376),(1577,'Non puoi mettere insieme questi due brani dai, sono troppo diversi!','2025-08-06 11:59:06',8,89,NULL),(1578,'Mi trovo d\'accordo con te','2025-06-11 11:02:20',8,89,777),(1579,'Non mi piace per niente','2025-04-30 02:46:47',8,90,NULL),(1580,'Sembra che tu abbia messo insieme due canzoni a caso','2025-09-14 22:17:00',8,90,NULL),(1581,'Secondo me è un ottimo accostamento invece','2025-05-11 19:37:05',8,91,381),(1582,'Secondo me invece è un ottimo accostamento','2025-08-05 19:20:04',8,91,782),(1583,'Non puoi mettere insieme questi due brani dai, sono troppo diversi!','2025-09-18 04:01:09',8,92,NULL),(1584,'Esatto','2025-08-11 03:34:40',8,92,1383),(1585,'Sono della tua stessa opinione','2025-01-29 18:36:01',8,93,1185),(1586,'Pessimo accostamento','2025-04-04 14:20:10',8,93,NULL),(1587,'Non mi piace per niente','2025-08-07 10:38:27',8,94,NULL),(1588,'Non sono d\'accordo, secondo me è un pessimo mix','2025-05-14 16:51:10',8,94,587),(1589,'Pessimo accostamento','2025-08-15 05:52:47',8,95,NULL),(1590,'Esatto','2025-09-16 23:40:04',8,95,1790),(1591,'Sono d\'accordo con te','2025-09-29 08:51:32',8,96,1992),(1592,'Non puoi mettere insieme questi due brani dai, sono troppo diversi!','2025-09-28 06:38:01',8,96,NULL),(1593,'L\'ho provato anch\'io e la penso come te','2025-09-01 03:06:28',8,97,1394),(1594,'No, non ci siamo!','2025-08-22 09:06:40',8,97,NULL),(1595,'Sembra che tu abbia messo insieme due canzoni a caso','2025-08-12 07:30:08',8,98,NULL),(1596,'L\'ho provato anch\'io e la penso come te','2025-08-02 09:10:00',8,98,596),(1597,'Sembra che tu abbia messo insieme due canzoni a caso','2025-06-28 18:34:05',8,99,NULL),(1598,'Anche io la penso così','2025-05-04 01:51:57',8,99,1798),(1599,'Concordo pienamente','2025-08-25 03:13:20',8,100,1199),(1600,'Sembra che tu abbia messo insieme due canzoni a caso','2025-09-08 01:54:38',8,100,NULL),(1601,'Anche io la penso così','2025-09-17 03:50:24',9,1,2),(1602,'Non mi piace per niente','2025-09-08 23:59:08',9,1,NULL),(1603,'A me non piace per niente questo mix','2025-09-27 07:30:16',9,2,4),(1604,'Concordo pienamente','2025-09-27 09:38:15',9,2,604),(1605,'Pessimo accostamento','2025-09-25 04:05:07',9,3,NULL),(1606,'Io ci metterei un altro brano come secondo. Questo non c\'entra nulla con il primo','2025-09-19 17:29:57',9,3,NULL),(1607,'Sembra che tu abbia messo insieme due canzoni a caso','2025-03-29 19:05:00',9,4,NULL),(1608,'Pessimo accostamento','2025-04-25 18:40:43',9,4,NULL),(1609,'Non puoi mettere insieme questi due brani dai, sono troppo diversi!','2025-08-11 14:33:19',9,5,NULL),(1610,'Esatto','2025-09-16 08:08:10',9,5,609),(1611,'Sono d\'accordo con te','2025-09-06 16:38:26',9,6,1211),(1612,'Io ci metterei un altro brano come secondo. Questo non c\'entra nulla con il primo','2025-08-25 15:22:40',9,6,NULL),(1613,'Non riesco a capire il senso di questo mix','2025-04-03 07:26:20',9,7,NULL),(1614,'Concordo pienamente','2025-03-14 07:36:23',9,7,1413),(1615,'Sembra che tu abbia messo insieme due canzoni a caso','2025-09-14 01:49:54',9,8,NULL),(1616,'Secondo me è un pessimo accostamento','2025-09-13 11:24:22',9,8,1815),(1617,'Hai ragione','2025-02-13 19:40:43',9,9,818),(1618,'No, non ci siamo!','2025-02-14 11:45:23',9,9,NULL),(1619,'L\'ho provato. Pensavo peggio, e invece suona abbastanza bene','2025-06-28 03:42:43',9,10,1220),(1620,'Non sono d\'accordo, secondo me è un mix così così','2025-08-26 05:10:10',9,10,419),(1621,'Sembra che tu abbia messo insieme due canzoni a caso','2025-09-29 05:20:15',9,11,NULL),(1622,'Concordo pienamente','2025-09-21 07:27:28',9,11,1621),(1623,'Non riesco a capire il senso di questo mix','2025-09-29 17:42:34',9,12,NULL),(1624,'Sembra che tu abbia messo insieme due canzoni a caso','2025-09-29 02:35:00',9,12,NULL),(1625,'Concordo pienamente','2025-09-03 18:24:00',9,13,425),(1626,'Esatto','2025-07-19 16:43:46',9,13,1625),(1627,'L\'ho provato anch\'io e la penso come te','2025-07-27 09:46:41',9,14,1428),(1628,'Anche io la penso così','2025-05-25 23:54:54',9,14,27),(1629,'Non mi piace per niente','2025-09-12 10:11:42',9,15,NULL),(1630,'Non mi piace per niente','2025-08-16 04:22:28',9,15,NULL),(1631,'Io ci metterei un altro brano come secondo. Questo non c\'entra nulla con il primo','2025-06-09 15:58:28',9,16,NULL),(1632,'Sono d\'accordo con te','2025-07-02 17:11:09',9,16,631),(1633,'Sono d\'accordo con te','2025-09-27 17:46:52',9,17,1233),(1634,'Mi trovo d\'accordo con te','2025-09-22 06:20:18',9,17,833),(1635,'Sembra che tu abbia messo insieme due canzoni a caso','2025-09-28 16:00:33',9,18,NULL),(1636,'Sono della tua stessa opinione','2025-09-24 04:38:26',9,18,1436),(1637,'L\'ho provato e non era male, ma non mi ha entusiasmato','2025-03-21 15:48:10',9,19,NULL),(1638,'Esatto','2025-09-10 11:23:40',9,19,838),(1639,'Pessimo accostamento','2025-08-25 16:11:46',9,20,NULL),(1640,'Sembra che tu abbia messo insieme due canzoni a caso','2025-07-15 17:00:41',9,20,NULL),(1641,'Non riesco a capire il senso di questo mix','2025-07-22 16:03:04',9,21,NULL),(1642,'Anche io la penso così','2025-08-11 06:48:14',9,21,1041),(1643,'Non sono d\'accordo, secondo me è un pessimo mix','2025-04-21 13:46:30',9,22,243),(1644,'Concordo pienamente','2025-09-13 13:09:42',9,22,1043),(1645,'Io ci metterei un altro brano come secondo. Questo non c\'entra nulla con il primo','2025-09-17 10:12:15',9,23,NULL),(1646,'Pessimo accostamento','2025-09-29 14:32:44',9,23,NULL),(1647,'Pessimo accostamento','2025-07-01 08:38:03',9,24,NULL),(1648,'A me non piace per niente questo mix','2025-06-11 14:54:26',9,24,447),(1649,'A me piace questo mix, lo trovo ben fatto','2025-09-15 23:51:55',9,25,849),(1650,'Che ritmo coinvolgente!','2025-09-20 11:46:09',9,25,NULL),(1651,'Anche io la penso così','2025-03-21 21:24:00',9,26,1852),(1652,'L\'ho provato anch\'io e la penso come te','2025-08-13 01:21:13',9,26,452),(1653,'Non riesco a capire il senso di questo mix','2025-08-25 19:53:34',9,27,NULL),(1654,'Concordo pienamente','2025-07-20 03:18:57',9,27,1253),(1655,'Sono d\'accordo con te','2025-09-02 13:14:32',9,28,1455),(1656,'Mi trovo d\'accordo con te','2025-09-08 02:41:29',9,28,1856),(1657,'Non riesco a capire il senso di questo mix','2025-06-25 03:24:10',9,29,NULL),(1658,'Sono della tua stessa opinione','2025-07-30 05:17:18',9,29,1458),(1659,'Non riesco a capire il senso di questo mix','2025-02-07 19:17:03',9,30,NULL),(1660,'Non puoi mettere insieme questi due brani dai, sono troppo diversi!','2025-04-18 15:16:41',9,30,NULL),(1661,'Sono della tua stessa opinione','2025-08-21 15:10:58',9,31,62),(1662,'Io ci metterei un altro brano come secondo. Questo non c\'entra nulla con il primo','2025-08-12 16:19:53',9,31,NULL),(1663,'Pessimo accostamento','2025-04-03 00:12:52',9,32,NULL),(1664,'Non riesco a capire il senso di questo mix','2025-09-24 03:26:19',9,32,NULL),(1665,'Hai ragione','2025-09-28 12:46:52',9,33,66),(1666,'Sono della tua stessa opinione','2025-09-29 13:52:55',9,33,66),(1667,'Hai ragione','2025-08-07 20:25:08',9,34,67),(1668,'Non puoi mettere insieme questi due brani dai, sono troppo diversi!','2025-09-24 17:25:07',9,34,NULL),(1669,'Sono della tua stessa opinione','2025-09-13 12:10:46',9,35,1870),(1670,'L\'ho provato ma non viene bene per niente','2025-09-28 02:01:49',9,35,470),(1671,'Sono della tua stessa opinione','2025-09-23 01:09:35',9,36,1672),(1672,'Ottimo lavoro, bravissimo!','2025-09-20 17:41:49',9,36,NULL),(1673,'Secondo me non è un mix pessimo','2025-08-17 06:54:17',9,37,274),(1674,'Non è un mix orrendo dai','2025-07-24 20:28:15',9,37,1274),(1675,'Non sono d\'accordo, secondo me è un pessimo mix','2025-08-29 20:50:02',9,38,875),(1676,'Non riesco a capire il senso di questo mix','2025-04-25 21:28:40',9,38,NULL),(1677,'Io ci metterei un altro brano come secondo. Questo non c\'entra nulla con il primo','2025-06-21 15:07:39',9,39,NULL),(1678,'No, non ci siamo!','2025-07-08 05:36:27',9,39,NULL),(1679,'Non è un mix da buttare via','2025-06-23 09:58:54',9,40,1080),(1680,'Concordo pienamente','2025-08-11 22:00:58',9,40,1280),(1681,'Pessimo accostamento','2025-09-03 23:18:16',9,41,NULL),(1682,'Pessimo accostamento','2025-09-27 21:42:53',9,41,NULL),(1683,'Non è un mix da cestinare','2025-09-29 16:25:42',9,42,684),(1684,'Non sono d\'accordo, secondo me è un mix così così','2025-09-29 19:54:17',9,42,1884),(1685,'No, non ci siamo!','2025-08-24 05:28:25',9,43,NULL),(1686,'No, non ci siamo!','2025-05-18 13:01:06',9,43,NULL),(1687,'Non riesco a capire il senso di questo mix','2025-07-27 01:29:43',9,44,NULL),(1688,'Sono d\'accordo con te','2025-06-24 17:31:37',9,44,288),(1689,'Il secondo pezzo dovrebbe entrare più tardi','2025-07-03 02:29:59',9,45,NULL),(1690,'L\'ho provato e non era male, ma non mi ha entusiasmato','2025-06-20 00:59:39',9,45,NULL),(1691,'Esatto','2025-09-18 19:36:23',9,46,492),(1692,'Non riesco a capire il senso di questo mix','2025-05-26 08:05:33',9,46,NULL),(1693,'Esatto','2025-04-19 10:47:35',9,47,93),(1694,'Non mi piace per niente','2025-08-26 03:38:12',9,47,NULL),(1695,'Non puoi mettere insieme questi due brani dai, sono troppo diversi!','2025-07-20 09:57:51',9,48,NULL),(1696,'L\'ho provato anch\'io e la penso come te','2025-08-12 04:19:58',9,48,496),(1697,'Sono della tua stessa opinione','2025-07-29 13:14:45',9,49,297),(1698,'Non mi piace per niente','2025-08-05 10:20:26',9,49,NULL),(1699,'Non puoi mettere insieme questi due brani dai, sono troppo diversi!','2025-07-22 00:50:58',9,50,NULL),(1700,'L\'ho provato anch\'io e la penso come te','2025-07-28 12:34:34',9,50,1299),(1701,'Io ci metterei un altro brano come secondo. Questo non c\'entra nulla con il primo','2025-08-11 04:05:40',9,51,NULL),(1702,'Sembra che tu abbia messo insieme due canzoni a caso','2025-06-20 07:09:43',9,51,NULL),(1703,'Che ritmo coinvolgente!','2025-09-28 05:24:29',9,52,NULL),(1704,'Mi piace molto questo pezzo','2025-09-25 20:26:54',9,52,NULL),(1705,'Sembra che tu abbia messo insieme due canzoni a caso','2025-09-29 00:35:55',9,53,NULL),(1706,'Sembra che tu abbia messo insieme due canzoni a caso','2025-06-10 21:03:18',9,53,NULL),(1707,'Sembra che tu abbia messo insieme due canzoni a caso','2025-08-16 00:13:26',9,54,NULL),(1708,'No, non ci siamo!','2025-08-22 23:49:40',9,54,NULL),(1709,'Non mi piace per niente','2025-07-05 20:34:43',9,55,NULL),(1710,'Sembra che tu abbia messo insieme due canzoni a caso','2025-08-17 23:01:47',9,55,NULL),(1711,'Non puoi mettere insieme questi due brani dai, sono troppo diversi!','2025-09-15 02:54:08',9,56,NULL),(1712,'Non sono d\'accordo, secondo me è un pessimo mix','2025-09-26 15:15:37',9,56,512),(1713,'Anche io la penso così','2025-08-28 13:23:03',9,57,1313),(1714,'No, non ci siamo!','2025-09-14 01:43:52',9,57,NULL),(1715,'Non mi piace per niente','2025-06-21 08:30:55',9,58,NULL),(1716,'Non puoi mettere insieme questi due brani dai, sono troppo diversi!','2025-06-21 00:40:00',9,58,NULL),(1717,'Sono d\'accordo con te','2025-09-17 11:49:02',9,59,1517),(1718,'Sembra che tu abbia messo insieme due canzoni a caso','2025-05-06 23:41:34',9,59,NULL),(1719,'Mi trovo d\'accordo con te','2025-08-17 14:25:38',9,60,720),(1720,'Il mix potrebbe essere più fluido','2025-08-28 14:57:27',9,60,NULL),(1721,'Non puoi mettere insieme questi due brani dai, sono troppo diversi!','2025-09-09 14:37:44',9,61,NULL),(1722,'Non puoi mettere insieme questi due brani dai, sono troppo diversi!','2025-09-04 06:41:53',9,61,NULL),(1723,'Non è un mix orrendo dai','2025-07-23 17:02:22',9,62,1523),(1724,'Mi è piaciuto, ma ci sono margini di miglioramento','2025-09-17 12:05:11',9,62,NULL),(1725,'Non puoi mettere insieme questi due brani dai, sono troppo diversi!','2025-08-22 21:07:11',9,63,NULL),(1726,'Pessimo accostamento','2025-08-27 03:41:37',9,63,NULL),(1727,'Anche io la penso così','2025-04-28 22:17:36',9,64,1328),(1728,'Non sono d\'accordo, secondo me è un pessimo mix','2025-09-01 18:26:06',9,64,1128),(1729,'Non è così male dai!!','2025-09-20 02:06:02',9,65,1930),(1730,'Mi è piaciuto, ma ci sono margini di miglioramento','2025-09-14 00:06:23',9,65,NULL),(1731,'No, non ci siamo!','2025-08-22 19:49:11',9,66,NULL),(1732,'Sono della tua stessa opinione','2025-09-17 15:57:09',9,66,131),(1733,'Io ci metterei un altro brano come secondo. Questo non c\'entra nulla con il primo','2025-09-04 06:37:50',9,67,NULL),(1734,'Concordo pienamente','2025-09-21 15:19:14',9,67,1134),(1735,'Sono della tua stessa opinione','2025-09-12 20:26:07',9,68,936),(1736,'Sembra che tu abbia messo insieme due canzoni a caso','2025-09-15 01:04:40',9,68,NULL),(1737,'Sono della tua stessa opinione','2025-03-28 16:57:41',9,69,537),(1738,'Non riesco a capire il senso di questo mix','2025-07-04 23:51:30',9,69,NULL),(1739,'Anche io la penso così','2025-04-28 13:04:52',9,70,139),(1740,'Sono d\'accordo con te','2025-07-31 19:48:11',9,70,1339),(1741,'Sono della tua stessa opinione','2025-02-11 01:49:12',9,71,1141),(1742,'Io ci metterei un altro brano come secondo. Questo non c\'entra nulla con il primo','2025-04-09 00:54:14',9,71,NULL),(1743,'Sono della tua stessa opinione','2025-06-26 23:17:37',9,72,943),(1744,'Esatto','2025-06-29 22:30:06',9,72,344),(1745,'Io ci metterei un altro brano come secondo. Questo non c\'entra nulla con il primo','2025-08-11 04:15:32',9,73,NULL),(1746,'Non puoi mettere insieme questi due brani dai, sono troppo diversi!','2025-07-08 09:19:37',9,73,NULL),(1747,'No, non ci siamo!','2025-05-08 03:56:21',9,74,NULL),(1748,'Non mi piace per niente','2025-09-14 23:59:09',9,74,NULL),(1749,'Non è un mix da cestinare','2025-09-08 21:50:26',9,75,1549),(1750,'Non è un mix da buttare via','2025-09-03 22:27:48',9,75,349),(1751,'No, non ci siamo!','2025-05-12 20:02:46',9,76,NULL),(1752,'L\'ho provato anch\'io e la penso come te','2025-07-16 07:51:16',9,76,352),(1753,'Hai ragione','2025-07-08 21:12:38',9,77,953),(1754,'Sembra che tu abbia messo insieme due canzoni a caso','2025-05-06 00:16:19',9,77,NULL),(1755,'Io ci metterei un altro brano come secondo. Questo non c\'entra nulla con il primo','2025-08-22 03:31:51',9,78,NULL),(1756,'Sembra che tu abbia messo insieme due canzoni a caso','2025-05-24 18:09:51',9,78,NULL),(1757,'Non è un mix da buttare via','2025-08-02 03:47:17',9,79,357),(1758,'Non è un mix da buttare via','2025-05-27 10:20:50',9,79,557),(1759,'No, non ci siamo!','2025-07-31 19:12:13',9,80,NULL),(1760,'L\'ho provato anch\'io e la penso come te','2025-07-24 14:48:39',9,80,1360),(1761,'Non puoi mettere insieme questi due brani dai, sono troppo diversi!','2025-02-12 14:51:07',9,81,NULL),(1762,'Io ci metterei un altro brano come secondo. Questo non c\'entra nulla con il primo','2025-05-10 20:22:23',9,81,NULL),(1763,'Pessimo accostamento','2025-08-14 03:27:17',9,82,NULL),(1764,'Non puoi mettere insieme questi due brani dai, sono troppo diversi!','2025-09-28 09:22:14',9,82,NULL),(1765,'Anche io la penso così','2025-08-18 08:54:31',9,83,366),(1766,'Sono d\'accordo con te','2025-09-12 02:43:59',9,83,766),(1767,'Mi trovo d\'accordo con te','2025-09-26 04:18:45',9,84,768),(1768,'Non puoi mettere insieme questi due brani dai, sono troppo diversi!','2025-06-23 10:11:35',9,84,NULL),(1769,'Pessimo accostamento','2025-09-10 13:49:01',9,85,NULL),(1770,'Sono della tua stessa opinione','2025-09-05 03:43:16',9,85,1769),(1771,'Pessimo accostamento','2025-05-19 04:11:38',9,86,NULL),(1772,'Pessimo accostamento','2025-09-12 23:45:39',9,86,NULL),(1773,'Non sono d\'accordo, secondo me è un pessimo mix','2025-09-05 01:48:55',9,87,1974),(1774,'L\'ho provato anch\'io e la penso come te','2025-09-05 09:24:34',9,87,1773),(1775,'Anche io la penso così','2025-09-02 00:56:31',9,88,1975),(1776,'Mi trovo d\'accordo con te','2025-05-28 05:50:05',9,88,1176),(1777,'Non puoi mettere insieme questi due brani dai, sono troppo diversi!','2025-08-31 16:46:24',9,89,NULL),(1778,'Sono d\'accordo con te','2025-08-25 15:32:05',9,89,1977),(1779,'Che ritmo coinvolgente!','2025-03-20 20:34:39',9,90,NULL),(1780,'Io invece lo trovo un mix ben riuscito','2025-09-17 01:47:51',9,90,980),(1781,'Anche io la penso così','2025-08-15 04:15:53',9,91,982),(1782,'Non puoi mettere insieme questi due brani dai, sono troppo diversi!','2025-06-23 14:27:11',9,91,NULL),(1783,'No, non ci siamo!','2025-08-16 16:24:35',9,92,NULL),(1784,'Mi trovo d\'accordo con te','2025-05-18 14:43:06',9,92,384),(1785,'Sono della tua stessa opinione','2025-08-03 08:09:46',9,93,986),(1786,'Assolutamente da ascoltare','2025-05-17 22:30:47',9,93,NULL),(1787,'Io invece lo trovo un mix ben riuscito','2025-05-30 22:27:26',9,94,1388),(1788,'Io invece lo trovo un mix fantastico','2025-08-29 18:08:29',9,94,187),(1789,'L\'ho provato anch\'io e la penso come te','2025-09-16 17:52:57',9,95,1590),(1790,'Non mi piace per niente','2025-08-27 07:28:39',9,95,NULL),(1791,'Sono d\'accordo con te','2025-09-26 06:39:44',9,96,1592),(1792,'Pessimo accostamento','2025-09-28 04:27:33',9,96,NULL),(1793,'Sembra che tu abbia messo insieme due canzoni a caso','2025-05-27 13:59:18',9,97,NULL),(1794,'Non puoi mettere insieme questi due brani dai, sono troppo diversi!','2025-06-04 00:13:11',9,97,NULL),(1795,'Sembra che tu abbia messo insieme due canzoni a caso','2025-06-25 06:04:59',9,98,NULL),(1796,'Sono d\'accordo con te','2025-06-30 12:18:00',9,98,1596),(1797,'Sono della tua stessa opinione','2025-05-12 09:22:16',9,99,1198),(1798,'Secondo me è un pessimo accostamento','2025-07-19 12:20:03',9,99,998),(1799,'Non puoi mettere insieme questi due brani dai, sono troppo diversi!','2025-08-09 17:18:28',9,100,NULL),(1800,'No, non ci siamo!','2025-08-20 04:11:58',9,100,NULL),(1801,'Anche io la penso così','2025-09-11 22:50:25',10,1,1601),(1802,'Non riesco a capire il senso di questo mix','2025-09-09 13:25:11',10,1,NULL),(1803,'Sembra che tu abbia messo insieme due canzoni a caso','2025-09-27 06:32:54',10,2,NULL),(1804,'Sono della tua stessa opinione','2025-09-27 12:41:55',10,2,404),(1805,'Sembra che tu abbia messo insieme due canzoni a caso','2025-09-20 22:21:55',10,3,NULL),(1806,'Sembra che tu abbia messo insieme due canzoni a caso','2025-09-28 18:52:05',10,3,NULL),(1807,'Concordo pienamente','2025-06-24 10:08:06',10,4,1808),(1808,'Il secondo pezzo dovrebbe entrare più tardi','2025-09-24 10:24:34',10,4,NULL),(1809,'Non sono d\'accordo, secondo me è un pessimo mix','2025-08-23 05:30:00',10,5,810),(1810,'Non riesco a capire il senso di questo mix','2025-09-17 03:30:32',10,5,NULL),(1811,'Concordo pienamente','2025-09-07 22:43:01',10,6,612),(1812,'Sono della tua stessa opinione','2025-08-06 08:53:16',10,6,1011),(1813,'Non puoi mettere insieme questi due brani dai, sono troppo diversi!','2025-04-10 01:09:02',10,7,NULL),(1814,'Pessimo accostamento','2025-03-31 08:54:19',10,7,NULL),(1815,'Il mix potrebbe essere più fluido','2025-09-13 14:38:36',10,8,NULL),(1816,'Secondo me non è un mix pessimo','2025-09-21 03:12:46',10,8,1016),(1817,'Sembra che tu abbia messo insieme due canzoni a caso','2025-09-29 04:36:59',10,9,NULL),(1818,'Sembra che tu abbia messo insieme due canzoni a caso','2025-04-25 12:49:28',10,9,NULL),(1819,'Hai ragione','2025-07-26 00:02:59',10,10,820),(1820,'Pessimo accostamento','2025-08-12 09:13:49',10,10,NULL),(1821,'L\'ho provato e non era male, ma non mi ha entusiasmato','2025-09-24 16:41:18',10,11,NULL),(1822,'Mi è piaciuto, ma ci sono margini di miglioramento','2025-09-23 09:04:13',10,11,NULL),(1823,'Non mi piace per niente','2025-09-29 21:12:24',10,12,NULL),(1824,'Anche io la penso così','2025-09-29 21:47:57',10,12,23),(1825,'Io ci metterei un altro brano come secondo. Questo non c\'entra nulla con il primo','2025-08-16 16:07:37',10,13,NULL),(1826,'Hai ragione','2025-09-09 07:49:55',10,13,425),(1827,'A me piace. Sicuro di averlo provato per bene?','2025-08-08 23:05:06',10,14,1428),(1828,'Assolutamente da ascoltare','2025-04-24 22:19:32',10,14,NULL),(1829,'Concordo pienamente','2025-09-26 13:26:25',10,15,1430),(1830,'Anche io la penso così','2025-08-21 18:46:56',10,15,1829),(1831,'Non puoi mettere insieme questi due brani dai, sono troppo diversi!','2025-07-06 02:09:55',10,16,NULL),(1832,'No, non ci siamo!','2025-06-15 22:42:32',10,16,NULL),(1833,'Sembra che tu abbia messo insieme due canzoni a caso','2025-09-24 07:16:09',10,17,NULL),(1834,'Non riesco a capire il senso di questo mix','2025-09-29 11:07:13',10,17,NULL),(1835,'Il secondo pezzo dovrebbe entrare più tardi','2025-09-28 07:18:37',10,18,NULL),(1836,'Il secondo pezzo dovrebbe entrare prima','2025-08-09 14:04:12',10,18,NULL),(1837,'Bene, ma si potrebbe fare un crossfade diverso','2025-05-15 14:55:55',10,19,NULL),(1838,'Bene, ma si potrebbe fare un crossfade diverso','2025-07-01 09:56:00',10,19,NULL),(1839,'Sembra che tu abbia messo insieme due canzoni a caso','2025-06-19 17:02:26',10,20,NULL),(1840,'Non mi piace per niente','2025-07-06 03:26:45',10,20,NULL),(1841,'Dovete provarlo, ne vale la pena!','2025-07-23 09:34:07',10,21,NULL),(1842,'A me piace. Sicuro di averlo provato per bene?','2025-09-26 20:42:58',10,21,41),(1843,'L\'ho provato anch\'io e la penso come te','2025-06-22 22:49:58',10,22,1844),(1844,'Sono della tua stessa opinione','2025-05-03 02:30:37',10,22,443),(1845,'Sono della tua stessa opinione','2025-09-25 16:39:42',10,23,1246),(1846,'Non puoi mettere insieme questi due brani dai, sono troppo diversi!','2025-09-25 01:15:09',10,23,NULL),(1847,'Non riesco a capire il senso di questo mix','2025-09-03 22:39:48',10,24,NULL),(1848,'Pessimo accostamento','2025-09-05 03:38:36',10,24,NULL),(1849,'L\'ho provato anch\'io e la penso come te','2025-08-19 08:21:41',10,25,1449),(1850,'No, non ci siamo!','2025-09-01 00:06:48',10,25,NULL),(1851,'Non mi piace per niente','2025-05-02 23:57:27',10,26,NULL),(1852,'Hai ragione','2025-05-18 11:26:22',10,26,1452),(1853,'Hai ragione','2025-09-13 00:35:47',10,27,654),(1854,'Non riesco a capire il senso di questo mix','2025-06-26 00:17:14',10,27,NULL),(1855,'Esatto','2025-09-03 13:09:05',10,28,1056),(1856,'Non mi piace per niente','2025-09-13 02:31:13',10,28,NULL),(1857,'Io ci metterei un altro brano come secondo. Questo non c\'entra nulla con il primo','2025-08-17 07:44:47',10,29,NULL),(1858,'Pessimo accostamento','2025-07-31 20:18:15',10,29,NULL),(1859,'A me piace questo mix, lo trovo ben fatto','2025-07-11 11:55:06',10,30,860),(1860,'Assolutamente da ascoltare','2025-05-23 15:10:11',10,30,NULL),(1861,'Anche io la penso così','2025-08-21 17:11:04',10,31,1061),(1862,'Sembra che tu abbia messo insieme due canzoni a caso','2025-08-22 12:36:08',10,31,NULL),(1863,'Hai ragione','2025-08-29 05:50:18',10,32,1263),(1864,'L\'ho provato anch\'io e la penso come te','2025-03-27 07:09:05',10,32,1663),(1865,'Non mi piace per niente','2025-09-29 16:48:14',10,33,NULL),(1866,'Sono della tua stessa opinione','2025-09-29 18:29:28',10,33,1065),(1867,'Anche io la penso così','2025-09-16 12:47:26',10,34,1268),(1868,'Non riesco a capire il senso di questo mix','2025-09-15 00:49:20',10,34,NULL),(1869,'Hai ragione','2025-07-02 19:05:05',10,35,269),(1870,'Non puoi mettere insieme questi due brani dai, sono troppo diversi!','2025-07-23 20:01:21',10,35,NULL),(1871,'L\'ho provato anch\'io e la penso come te','2025-09-29 05:18:53',10,36,872),(1872,'Io ci metterei un altro brano come secondo. Questo non c\'entra nulla con il primo','2025-09-22 10:58:21',10,36,NULL),(1873,'Esatto','2025-08-10 04:02:08',10,37,1874),(1874,'Sembra che tu abbia messo insieme due canzoni a caso','2025-06-29 18:39:42',10,37,NULL),(1875,'Mi trovo d\'accordo con te','2025-07-09 12:46:26',10,38,1075),(1876,'No, non ci siamo!','2025-08-06 13:28:45',10,38,NULL),(1877,'Anche io la penso così','2025-07-06 01:10:28',10,39,1477),(1878,'Pessimo accostamento','2025-07-17 17:43:42',10,39,NULL),(1879,'Non sono d\'accordo, secondo me è un pessimo mix','2025-08-09 13:00:48',10,40,1279),(1880,'Sono della tua stessa opinione','2025-05-13 01:09:52',10,40,1079),(1881,'Anche io la penso così','2025-09-18 18:46:58',10,41,281),(1882,'A me non piace per niente questo mix','2025-08-18 08:46:45',10,41,482),(1883,'Super consigliato!','2025-09-26 23:10:50',10,42,NULL),(1884,'Assolutamente da ascoltare','2025-09-29 19:13:03',10,42,NULL),(1885,'Sono d\'accordo con te','2025-09-12 09:01:18',10,43,1486),(1886,'Hai ragione','2025-08-30 20:36:56',10,43,1686),(1887,'Anche io la penso così','2025-07-04 17:52:15',10,44,487),(1888,'Non mi piace per niente','2025-08-13 07:01:28',10,44,NULL),(1889,'Sono della tua stessa opinione','2025-08-03 14:22:17',10,45,290),(1890,'Anche io la penso così','2025-08-04 16:43:58',10,45,1290),(1891,'Io invece lo trovo un mix mal riuscito','2025-03-09 11:40:11',10,46,92),(1892,'No, non ci siamo!','2025-09-10 09:25:24',10,46,NULL),(1893,'Sembra che tu abbia messo insieme due canzoni a caso','2025-04-20 02:19:48',10,47,NULL),(1894,'Hai ragione','2025-08-03 10:54:19',10,47,1494),(1895,'Esatto','2025-09-26 00:10:37',10,48,496),(1896,'Non mi piace per niente','2025-09-16 03:12:39',10,48,NULL),(1897,'Non mi piace per niente','2025-05-27 07:59:22',10,49,NULL),(1898,'Concordo pienamente','2025-03-10 13:23:56',10,49,97),(1899,'Pessimo accostamento','2025-08-03 04:15:41',10,50,NULL),(1900,'Non sono d\'accordo, secondo me è un pessimo mix','2025-08-31 13:51:55',10,50,699),(1901,'Concordo pienamente','2025-07-19 09:03:32',10,51,1302),(1902,'Non puoi mettere insieme questi due brani dai, sono troppo diversi!','2025-07-22 17:01:08',10,51,NULL),(1903,'Sembra che tu abbia messo insieme due canzoni a caso','2025-05-24 02:01:00',10,52,NULL),(1904,'Io invece lo trovo un mix orrendo','2025-02-04 13:44:44',10,52,1503),(1905,'Sono della tua stessa opinione','2025-05-15 12:40:57',10,53,705),(1906,'Pessimo accostamento','2025-07-29 19:18:46',10,53,NULL),(1907,'L\'ho provato anch\'io e la penso come te','2025-08-11 12:37:52',10,54,507),(1908,'Anche io la penso così','2025-08-20 04:45:32',10,54,908),(1909,'Sono della tua stessa opinione','2025-09-26 18:46:47',10,55,309),(1910,'Mi trovo d\'accordo con te','2025-08-24 10:54:33',10,55,1510),(1911,'Secondo me invece è un pessimo accostamento','2025-08-28 05:32:19',10,56,511),(1912,'Pessimo accostamento','2025-07-26 09:56:32',10,56,NULL),(1913,'Io ci metterei un altro brano come secondo. Questo non c\'entra nulla con il primo','2025-09-05 15:15:59',10,57,NULL),(1914,'Non riesco a capire il senso di questo mix','2025-09-22 16:48:48',10,57,NULL),(1915,'Non mi piace per niente','2025-07-07 12:10:03',10,58,NULL),(1916,'Sono della tua stessa opinione','2025-04-12 13:03:00',10,58,115),(1917,'Ottimo lavoro, bravissimo!','2025-05-01 03:52:02',10,59,NULL),(1918,'Fantastico, complimenti!','2025-07-10 07:44:35',10,59,NULL),(1919,'No, non ci siamo!','2025-06-27 21:31:34',10,60,NULL),(1920,'Non puoi mettere insieme questi due brani dai, sono troppo diversi!','2025-09-07 06:08:22',10,60,NULL),(1921,'Mi è piaciuto, ma ci sono margini di miglioramento','2025-05-10 08:50:09',10,61,NULL),(1922,'Non è un mix da buttare via','2025-07-31 17:16:39',10,61,722),(1923,'Super consigliato!','2025-05-01 16:21:06',10,62,NULL),(1924,'Secondo me è un ottimo accostamento invece','2025-01-27 19:02:48',10,62,323),(1925,'Super consigliato!','2025-07-11 13:34:14',10,63,NULL),(1926,'L\'ho provato anch\'io e la penso come te','2025-08-23 22:37:53',10,63,1526),(1927,'Concordo pienamente','2025-08-02 18:52:38',10,64,1528),(1928,'Io invece lo trovo un mix mal riuscito','2025-05-17 23:16:52',10,64,128),(1929,'Sono d\'accordo con te','2025-08-20 18:57:42',10,65,129),(1930,'Io ci metterei un altro brano come secondo. Questo non c\'entra nulla con il primo','2025-08-09 15:27:15',10,65,NULL),(1931,'L\'ho provato anch\'io e la penso come te','2025-09-10 21:47:39',10,66,1731),(1932,'Sono della tua stessa opinione','2025-09-24 07:53:18',10,66,532),(1933,'Sono della tua stessa opinione','2025-09-22 22:32:26',10,67,1333),(1934,'Hai ragione','2025-09-22 09:36:32',10,67,1733),(1935,'L\'ho provato. Pensavo peggio, e invece suona abbastanza bene','2025-09-18 07:10:31',10,68,1335),(1936,'Mi è piaciuto, ma ci sono margini di miglioramento','2025-08-28 15:17:02',10,68,NULL),(1937,'Io ci metterei un altro brano come secondo. Questo non c\'entra nulla con il primo','2025-06-13 06:11:50',10,69,NULL),(1938,'Non puoi mettere insieme questi due brani dai, sono troppo diversi!','2025-07-02 10:53:39',10,69,NULL),(1939,'Non mi piace per niente','2025-08-04 10:31:38',10,70,NULL),(1940,'Sembra che tu abbia messo insieme due canzoni a caso','2025-06-13 10:45:54',10,70,NULL),(1941,'Esatto','2025-05-30 19:43:08',10,71,1742),(1942,'Non riesco a capire il senso di questo mix','2025-05-30 13:49:03',10,71,NULL),(1943,'Pessimo accostamento','2025-07-13 12:23:16',10,72,NULL),(1944,'Concordo pienamente','2025-07-19 08:21:58',10,72,343),(1945,'Sono della tua stessa opinione','2025-08-08 17:51:54',10,73,1745),(1946,'Esatto','2025-06-22 01:02:24',10,73,545),(1947,'Concordo pienamente','2025-06-17 11:00:11',10,74,1747),(1948,'L\'ho provato ma non viene bene per niente','2025-06-16 14:17:35',10,74,347),(1949,'Anche io la penso così','2025-06-16 12:19:33',10,75,149),(1950,'Sono d\'accordo con te','2025-07-28 17:12:48',10,75,1150),(1951,'Non riesco a smettere di ascoltarlo','2025-03-11 10:41:57',10,76,NULL),(1952,'Per te è così così, per me invece è fantastico!','2025-06-18 08:49:54',10,76,1552),(1953,'No, non ci siamo!','2025-05-06 13:40:48',10,77,NULL),(1954,'Sono d\'accordo con te','2025-06-25 11:56:44',10,77,553),(1955,'L\'ho provato e non era male, ma non mi ha entusiasmato','2025-07-28 10:53:44',10,78,NULL),(1956,'Secondo me non è un mix pessimo','2025-06-06 18:53:57',10,78,156),(1957,'Io ci metterei un altro brano come secondo. Questo non c\'entra nulla con il primo','2025-07-21 10:34:57',10,79,NULL),(1958,'Sono d\'accordo con te','2025-02-12 17:00:52',10,79,557),(1959,'Esatto','2025-09-13 02:17:30',10,80,560),(1960,'Esatto','2025-09-05 15:25:19',10,80,960),(1961,'Non puoi mettere insieme questi due brani dai, sono troppo diversi!','2025-04-13 14:51:00',10,81,NULL),(1962,'Sono della tua stessa opinione','2025-07-19 09:18:48',10,81,1561),(1963,'Anche io la penso così','2025-09-25 20:30:38',10,82,1363),(1964,'Sono della tua stessa opinione','2025-09-25 20:21:45',10,82,164),(1965,'Hai ragione','2025-09-25 22:33:31',10,83,165),(1966,'Esatto','2025-08-19 11:18:02',10,83,1965),(1967,'Hai ragione','2025-05-18 07:07:52',10,84,1367),(1968,'Io ci metterei un altro brano come secondo. Questo non c\'entra nulla con il primo','2025-06-27 07:39:06',10,84,NULL),(1969,'L\'ho provato anch\'io e la penso come te','2025-09-24 14:43:42',10,85,569),(1970,'Sono della tua stessa opinione','2025-09-08 01:42:34',10,85,970),(1971,'Concordo pienamente','2025-08-21 17:46:49',10,86,971),(1972,'Sono d\'accordo con te','2025-08-25 05:05:03',10,86,1971),(1973,'Che ritmo coinvolgente!','2025-09-21 03:41:38',10,87,NULL),(1974,'Fantastico, complimenti!','2025-09-05 07:48:01',10,87,NULL),(1975,'Non riesco a capire il senso di questo mix','2025-09-08 20:20:41',10,88,NULL),(1976,'Mi trovo d\'accordo con te','2025-05-28 00:20:37',10,88,175),(1977,'L\'ho provato anch\'io e la penso come te','2025-02-17 14:51:23',10,89,378),(1978,'Concordo pienamente','2025-09-23 12:30:28',10,89,578),(1979,'Io ci metterei un altro brano come secondo. Questo non c\'entra nulla con il primo','2025-05-19 13:15:21',10,90,NULL),(1980,'Mi trovo d\'accordo con te','2025-06-22 11:47:35',10,90,980),(1981,'A me non piace per niente questo mix','2025-07-01 18:11:58',10,91,781),(1982,'Mi trovo d\'accordo con te','2025-05-17 14:10:31',10,91,381),(1983,'Anche io la penso così','2025-08-03 23:32:15',10,92,583),(1984,'Hai ragione','2025-08-25 15:57:38',10,92,583),(1985,'Il secondo pezzo dovrebbe entrare prima','2025-09-18 15:50:21',10,93,NULL),(1986,'L\'ho provato. Pensavo peggio, e invece suona abbastanza bene','2025-07-31 00:16:05',10,93,585),(1987,'Io ci metterei un altro brano come secondo. Questo non c\'entra nulla con il primo','2025-05-19 09:24:37',10,94,NULL),(1988,'Io invece lo trovo un mix orrendo','2025-08-10 14:55:23',10,94,1188),(1989,'No, non ci siamo!','2025-08-08 18:39:45',10,95,NULL),(1990,'Non riesco a capire il senso di questo mix','2025-09-24 09:29:51',10,95,NULL),(1991,'Mi trovo d\'accordo con te','2025-09-28 16:34:58',10,96,592),(1992,'Non riesco a capire il senso di questo mix','2025-09-25 13:20:17',10,96,NULL),(1993,'Pessimo accostamento','2025-06-18 21:26:10',10,97,NULL),(1994,'L\'ho provato anch\'io e la penso come te','2025-09-04 04:03:27',10,97,1394),(1995,'Sono d\'accordo con te','2025-04-15 02:58:15',10,98,795),(1996,'Mi trovo d\'accordo con te','2025-09-03 09:45:07',10,98,396),(1997,'No, non ci siamo!','2025-09-02 16:57:16',10,99,NULL),(1998,'Io ci metterei un altro brano come secondo. Questo non c\'entra nulla con il primo','2025-06-11 00:18:32',10,99,NULL),(1999,'Pessimo accostamento','2025-09-13 18:42:57',10,100,NULL),(2000,'Anche io la penso così','2025-09-27 17:59:38',10,100,399),(2001,'Te lo spiego io va','2025-10-08 09:50:18',3,25,450),(2002,'ciao','2025-10-08 09:50:24',3,25,2001),(2003,'ciao','2025-10-08 09:50:27',3,25,2002),(2004,'ciao','2025-10-08 09:50:31',3,25,2003),(2005,'Commento sul livello principale','2025-10-08 09:50:48',3,25,NULL),(2006,'Bellissimo','2025-10-08 09:50:55',3,25,2005),(2007,'asfdsgfd','2025-10-08 11:55:14',3,32,1463),(2008,'Anch\'io concordissimo','2025-10-08 12:00:19',3,60,1719);
/*!40000 ALTER TABLE `commento` ENABLE KEYS */;
UNLOCK TABLES;

--
-- Table structure for table `genere`
--

DROP TABLE IF EXISTS `genere`;
/*!40101 SET @saved_cs_client     = @@character_set_client */;
/*!50503 SET character_set_client = utf8mb4 */;
CREATE TABLE `genere` (
  `id` int NOT NULL,
  `nome` varchar(50) NOT NULL,
  `url_immagine` varchar(255) DEFAULT NULL,
  PRIMARY KEY (`id`)
) ENGINE=InnoDB DEFAULT CHARSET=utf8mb4 COLLATE=utf8mb4_0900_ai_ci;
/*!40101 SET character_set_client = @saved_cs_client */;

--
-- Dumping data for table `genere`
--

LOCK TABLES `genere` WRITE;
/*!40000 ALTER TABLE `genere` DISABLE KEYS */;
INSERT INTO `genere` VALUES (106,'Electro','https://cdn-images.dzcdn.net/images/misc/15df4502c1c58137dae5bdd1cc6f0251/500x500-000000-80-0-0.jpg'),(111,'Techno/House','https://api.deezer.com/genre/111/image'),(113,'Dance','https://cdn-images.dzcdn.net/images/misc/bd5fdfa1a23e02e2697818e09e008e69/500x500-000000-80-0-0.jpg');
/*!40000 ALTER TABLE `genere` ENABLE KEYS */;
UNLOCK TABLES;

--
-- Table structure for table `passaggio`
--

DROP TABLE IF EXISTS `passaggio`;
/*!40101 SET @saved_cs_client     = @@character_set_client */;
/*!50503 SET character_set_client = utf8mb4 */;
CREATE TABLE `passaggio` (
  `id` int NOT NULL AUTO_INCREMENT,
  `testo` text,
  `inizio_secondo_brano` time DEFAULT NULL,
  `cue_secondo_brano` time DEFAULT NULL,
  `data_pubblicazione` datetime DEFAULT CURRENT_TIMESTAMP,
  `id_utente` int DEFAULT NULL,
  `id_brano_1` bigint unsigned NOT NULL,
  `id_brano_2` bigint unsigned NOT NULL,
  PRIMARY KEY (`id`),
  KEY `id_utente` (`id_utente`),
  KEY `id_brano_1` (`id_brano_1`),
  KEY `id_brano_2` (`id_brano_2`),
  CONSTRAINT `id_brano_1_passaggio` FOREIGN KEY (`id_brano_1`) REFERENCES `brano` (`id`) ON DELETE RESTRICT ON UPDATE RESTRICT,
  CONSTRAINT `id_brano_2_passaggio` FOREIGN KEY (`id_brano_2`) REFERENCES `brano` (`id`) ON DELETE RESTRICT ON UPDATE RESTRICT,
  CONSTRAINT `passaggio_ibfk_1` FOREIGN KEY (`id_utente`) REFERENCES `utente` (`id`) ON DELETE SET NULL ON UPDATE CASCADE
) ENGINE=InnoDB AUTO_INCREMENT=103 DEFAULT CHARSET=utf8mb4 COLLATE=utf8mb4_0900_ai_ci;
/*!40101 SET character_set_client = @saved_cs_client */;

--
-- Dumping data for table `passaggio`
--

LOCK TABLES `passaggio` WRITE;
/*!40000 ALTER TABLE `passaggio` DISABLE KEYS */;
INSERT INTO `passaggio` VALUES (1,'Ditemi voi se dovrei invertire i due brani o se va bene così','00:03:21','00:00:50','2025-08-31 19:36:07',1,1748075227,768533),(2,'Qui dovete stare attenti a non mischiare le voci. Appena finisce di cantare nel primo brano, deve entrare il secondo','00:03:30','00:00:32','2025-09-27 00:04:17',1,1334599262,493327332),(3,'Appena finisce il piano, il secondo brano deve partire subito e bisogna aumentare gradualmente il suo volume','00:03:38','00:00:46','2025-09-02 09:25:47',1,2698462782,3405992091),(4,'Appena nel primo brano si sente l\'ultimo crash, il secondo brano deve partire subito aumentando gradualmente il suo volume','00:03:59','00:00:14','2025-02-06 00:41:03',1,1454607372,91706148),(5,'Ditemi voi se dovrei invertire i due brani o se va bene così','00:03:46','00:00:08','2025-08-11 07:37:06',1,1277322862,1896659277),(6,'Secondo me il secondo brano deve entrare con un taglio netto, senza dissolvenza','00:03:00','00:00:50','2025-06-17 12:48:26',1,1896659287,1034593402),(7,'Appena nel primo brano si sente l\'ultimo crash, il secondo brano deve partire subito aumentando gradualmente il suo volume','00:03:10','00:00:02','2025-02-03 08:31:27',1,2887979252,2373199005),(8,'Scegliete voi, se fare un mix a taglio o con una dissolvenza in entrata del secondo brano molto lenta','00:03:23','00:00:55','2025-09-11 22:16:53',1,2496437031,1203925012),(9,'Appena nel primo brano si sente l\'ultimo crash, il secondo brano deve partire subito aumentando gradualmente il suo volume','00:03:22','00:00:45','2025-01-30 14:55:18',1,1710386537,1203924992),(10,'Ditemi voi se dovrei invertire i due brani o se va bene così','00:03:08','00:00:49','2025-06-15 11:34:51',1,3405992031,2373199175),(11,'Secondo me il secondo brano deve entrare con un taglio netto, senza dissolvenza','00:03:42','00:00:39','2025-09-19 08:45:33',2,493327332,750415102),(12,'Appena nel primo brano si sente l\'ultimo crash, il secondo brano deve partire subito aumentando gradualmente il suo volume','00:03:03','00:00:00','2025-09-28 20:18:05',2,1896659257,1277322862),(13,'Qui dovete stare attenti a non mischiare le voci. Appena finisce di cantare nel primo brano, deve entrare il secondo','00:03:59','00:00:51','2025-07-18 10:35:24',2,1896659287,938622942),(14,'Appena nel primo brano si sente l\'ultimo crash, il secondo brano deve partire subito aumentando gradualmente il suo volume','00:03:21','00:00:55','2025-03-26 14:49:18',2,2317215535,1896659287),(15,'Appena finisce il piano, il secondo brano deve partire subito e bisogna aumentare gradualmente il suo volume','00:03:03','00:00:59','2025-08-11 17:13:03',2,1454607382,750415102),(16,'Giocate molto con i fader della consolle, così il passaggio viene molto divertente!','00:03:23','00:00:17','2025-05-18 12:22:21',2,2192731347,1896659267),(17,'Appena nel primo brano si sente l\'ultimo crash, il secondo brano deve partire subito aumentando gradualmente il suo volume','00:03:34','00:00:31','2025-09-22 00:49:40',2,2655682942,3427612591),(18,'Io lo farei entrare con una dissolvenza molto lenta, in modo che si senta bene l\'entrata del secondo brano','00:03:48','00:00:46','2025-07-21 06:03:28',2,1088820912,3427633221),(19,'Ditemi voi se dovrei invertire i due brani o se va bene così','00:03:39','00:00:59','2025-03-18 11:05:26',2,2373200085,1203924992),(20,'Appena finisce il piano, il secondo brano deve partire subito e bisogna aumentare gradualmente il suo volume','00:03:22','00:00:10','2025-06-07 05:57:24',2,1454607372,493327332),(21,'Non vi voglio dire come farlo. Provate voi e vedete cosa viene meglio','00:03:01','00:00:33','2025-07-04 02:21:10',3,2169088707,1203924992),(22,'Appena finisce il piano, il secondo brano deve partire subito e bisogna aumentare gradualmente il suo volume','00:03:32','00:00:03','2025-04-19 08:23:25',3,1454607382,2496438481),(23,'Io lo farei entrare con una dissolvenza molto lenta, in modo che si senta bene l\'entrata del secondo brano','00:03:15','00:00:06','2025-09-16 23:48:47',3,2373198055,1277322862),(24,'Qui dovete stare attenti a non mischiare le voci. Appena finisce di cantare nel primo brano, deve entrare il secondo','00:03:14','00:00:35','2025-05-26 19:50:03',3,2496438501,2670296922),(25,'Ditemi voi se dovrei invertire i due brani o se va bene così','00:03:57','00:00:58','2025-08-12 14:12:39',3,2169088727,2169088707),(26,'Scegliete voi, se fare un mix a taglio o con una dissolvenza in entrata del secondo brano molto lenta','00:03:22','00:00:50','2025-03-08 22:44:39',3,1665829422,1088820912),(27,'Io lo farei entrare con una dissolvenza molto lenta, in modo che si senta bene l\'entrata del secondo brano','00:03:05','00:00:53','2025-06-09 09:28:31',3,1749045777,2496437031),(28,'Appena nel primo brano si sente l\'ultimo crash, il secondo brano deve partire subito aumentando gradualmente il suo volume','00:03:30','00:00:20','2025-08-17 17:47:16',3,2373199185,1203925022),(29,'Appena finisce il piano, il secondo brano deve partire subito e bisogna aumentare gradualmente il suo volume','00:03:55','00:00:03','2025-06-23 04:40:12',3,3552361061,2290913925),(30,'Secondo me il secondo brano deve entrare con un taglio netto, senza dissolvenza','00:03:32','00:00:16','2025-01-04 12:57:04',3,2698462742,1203925022),(31,'Non vi voglio dire come farlo. Provate voi e vedete cosa viene meglio','00:03:41','00:00:41','2025-07-09 21:20:22',4,3405992061,1088820922),(32,'Io lo farei entrare con una dissolvenza molto lenta, in modo che si senta bene l\'entrata del secondo brano','00:03:03','00:00:48','2025-01-06 09:18:00',4,2698462772,2169088727),(33,'Appena finisce il piano, il secondo brano deve partire subito e bisogna aumentare gradualmente il suo volume','00:03:38','00:00:46','2025-09-28 00:55:06',4,1896659287,2623751452),(34,'Inizialmente il secondo brano deve entrare senza bassi, poi appena inizia l\'outro del primo brano si introducono completamente.','00:03:28','00:00:41','2025-08-04 14:09:27',4,2616797072,2169088687),(35,'Scegliete voi, se fare un mix a taglio o con una dissolvenza in entrata del secondo brano molto lenta','00:03:30','00:00:19','2025-06-10 07:47:18',4,2373199005,1938645947),(36,'Qui dovete stare attenti a non mischiare le voci. Appena finisce di cantare nel primo brano, deve entrare il secondo','00:03:02','00:00:21','2025-09-16 07:24:28',4,1334599202,1938645947),(37,'Io lo farei entrare con una dissolvenza molto lenta, in modo che si senta bene l\'entrata del secondo brano','00:03:15','00:00:00','2025-06-28 07:18:24',4,1334599252,1616934122),(38,'Appena finisce il piano, il secondo brano deve partire subito e bisogna aumentare gradualmente il suo volume','00:03:17','00:00:23','2025-03-21 12:45:28',4,1454607372,938622942),(39,'Ditemi voi se dovrei invertire i due brani o se va bene così','00:03:16','00:00:29','2025-06-01 00:57:22',4,1034593402,1334599212),(40,'Scegliete voi, se fare un mix a taglio o con una dissolvenza in entrata del secondo brano molto lenta','00:03:32','00:00:56','2025-02-20 00:02:40',4,3427612591,3356267951),(41,'Io lo farei entrare con una dissolvenza molto lenta, in modo che si senta bene l\'entrata del secondo brano','00:03:52','00:00:16','2025-07-16 03:40:17',5,1454607372,1748075227),(42,'Inizialmente il secondo brano deve entrare senza bassi, poi appena inizia l\'outro del primo brano si introducono completamente.','00:03:30','00:00:02','2025-09-25 23:46:52',5,1896659227,1334599202),(43,'Scegliete voi, se fare un mix a taglio o con una dissolvenza in entrata del secondo brano molto lenta','00:03:13','00:00:26','2025-05-18 09:14:50',5,2650826692,2373199175),(44,'Non vi voglio dire come farlo. Provate voi e vedete cosa viene meglio','00:03:42','00:00:08','2025-05-27 14:57:03',5,3427633221,493327352),(45,'Qui dovete stare attenti a non mischiare le voci. Appena finisce di cantare nel primo brano, deve entrare il secondo','00:03:04','00:00:51','2025-05-14 10:10:19',5,111724462,1334599202),(46,'Appena nel primo brano si sente l\'ultimo crash, il secondo brano deve partire subito aumentando gradualmente il suo volume','00:03:50','00:00:59','2025-01-29 23:14:52',5,2887979252,1515747392),(47,'Appena nel primo brano si sente l\'ultimo crash, il secondo brano deve partire subito aumentando gradualmente il suo volume','00:03:20','00:00:34','2025-03-22 16:51:30',5,1334599222,1622127042),(48,'Io lo farei entrare con una dissolvenza molto lenta, in modo che si senta bene l\'entrata del secondo brano','00:03:17','00:00:39','2025-07-06 15:20:22',5,926989582,3405992041),(49,'Appena nel primo brano si sente l\'ultimo crash, il secondo brano deve partire subito aumentando gradualmente il suo volume','00:03:50','00:00:28','2025-02-01 00:22:25',5,1188031342,493795152),(50,'Qui dovete stare attenti a non mischiare le voci. Appena finisce di cantare nel primo brano, deve entrare il secondo','00:03:57','00:00:04','2025-06-05 16:20:28',5,1203924992,1749045777),(51,'Inizialmente il secondo brano deve entrare senza bassi, poi appena inizia l\'outro del primo brano si introducono completamente.','00:03:54','00:00:42','2025-04-15 16:35:49',6,3405992081,1896659217),(52,'Scegliete voi, se fare un mix a taglio o con una dissolvenza in entrata del secondo brano molto lenta','00:03:10','00:00:14','2025-01-31 06:57:07',6,1749045757,3287691381),(53,'Giocate molto con i fader della consolle, così il passaggio viene molto divertente!','00:03:50','00:00:17','2025-04-08 09:46:54',6,2476305041,1574117112),(54,'Inizialmente il secondo brano deve entrare senza bassi, poi appena inizia l\'outro del primo brano si introducono completamente.','00:03:03','00:00:21','2025-07-25 05:02:17',6,1203925012,999734252),(55,'Inizialmente il secondo brano deve entrare senza bassi, poi appena inizia l\'outro del primo brano si introducono completamente.','00:03:46','00:00:36','2025-06-09 03:00:44',6,1277322862,1710386537),(56,'Scegliete voi, se fare un mix a taglio o con una dissolvenza in entrata del secondo brano molto lenta','00:03:31','00:00:42','2025-06-21 23:44:40',6,2290913925,1203925002),(57,'Non vi voglio dire come farlo. Provate voi e vedete cosa viene meglio','00:03:28','00:00:59','2025-07-18 01:47:40',6,938622922,3427633221),(58,'Scegliete voi, se fare un mix a taglio o con una dissolvenza in entrata del secondo brano molto lenta','00:03:36','00:00:03','2025-03-18 07:24:45',6,1203925002,3427612591),(59,'Appena finisce il piano, il secondo brano deve partire subito e bisogna aumentare gradualmente il suo volume','00:03:44','00:00:09','2025-04-24 15:52:15',6,3427612591,750415102),(60,'Appena nel primo brano si sente l\'ultimo crash, il secondo brano deve partire subito aumentando gradualmente il suo volume','00:03:14','00:00:22','2025-06-18 04:18:48',6,1454607392,1749045757),(61,'Io lo farei entrare con una dissolvenza molto lenta, in modo che si senta bene l\'entrata del secondo brano','00:03:17','00:00:35','2025-05-09 10:28:06',7,2373198055,1203925012),(62,'Ditemi voi se dovrei invertire i due brani o se va bene così','00:03:32','00:00:38','2025-01-27 06:37:42',7,3405992081,1088820922),(63,'Appena finisce il piano, il secondo brano deve partire subito e bisogna aumentare gradualmente il suo volume','00:03:30','00:00:48','2025-07-06 02:35:42',7,2698462742,1334599262),(64,'Appena nel primo brano si sente l\'ultimo crash, il secondo brano deve partire subito aumentando gradualmente il suo volume','00:03:01','00:00:21','2025-02-25 02:58:57',7,1896659277,750415102),(65,'Ditemi voi se dovrei invertire i due brani o se va bene così','00:03:30','00:00:12','2025-06-13 21:20:47',7,3405992031,2317215535),(66,'Appena finisce il piano, il secondo brano deve partire subito e bisogna aumentare gradualmente il suo volume','00:03:48','00:00:30','2025-08-04 22:41:42',7,2373199175,2496437031),(67,'Secondo me il secondo brano deve entrare con un taglio netto, senza dissolvenza','00:03:37','00:00:08','2025-08-29 06:37:17',7,1334599242,750415092),(68,'Io lo farei entrare con una dissolvenza molto lenta, in modo che si senta bene l\'entrata del secondo brano','00:03:32','00:00:25','2025-08-27 01:24:05',7,1203925002,3405992021),(69,'Inizialmente il secondo brano deve entrare senza bassi, poi appena inizia l\'outro del primo brano si introducono completamente.','00:03:50','00:00:47','2025-03-26 16:39:02',7,1454607392,3405992091),(70,'Non vi voglio dire come farlo. Provate voi e vedete cosa viene meglio','00:03:30','00:00:43','2025-02-09 14:06:18',7,1896659227,938622922),(71,'Appena nel primo brano si sente l\'ultimo crash, il secondo brano deve partire subito aumentando gradualmente il suo volume','00:03:47','00:00:03','2025-01-31 18:58:48',8,1334599242,1896659217),(72,'Inizialmente il secondo brano deve entrare senza bassi, poi appena inizia l\'outro del primo brano si introducono completamente.','00:03:13','00:00:07','2025-05-01 12:09:39',8,2476305041,1454607362),(73,'Qui dovete stare attenti a non mischiare le voci. Appena finisce di cantare nel primo brano, deve entrare il secondo','00:03:58','00:00:49','2025-06-01 17:12:06',8,585083922,2887979252),(74,'Io lo farei entrare con una dissolvenza molto lenta, in modo che si senta bene l\'entrata del secondo brano','00:03:42','00:00:45','2025-04-25 21:16:34',8,938622942,1746568077),(75,'Giocate molto con i fader della consolle, così il passaggio viene molto divertente!','00:03:33','00:00:00','2025-05-31 13:56:53',8,1515747392,2496438481),(76,'Io lo farei entrare con una dissolvenza molto lenta, in modo che si senta bene l\'entrata del secondo brano','00:03:34','00:00:11','2025-01-31 02:11:35',8,2496437031,1188031342),(77,'Appena finisce il piano, il secondo brano deve partire subito e bisogna aumentare gradualmente il suo volume','00:03:07','00:00:10','2025-03-21 10:21:47',8,750415102,96980032),(78,'Appena nel primo brano si sente l\'ultimo crash, il secondo brano deve partire subito aumentando gradualmente il suo volume','00:03:02','00:00:45','2025-04-08 00:25:50',8,1622127042,2698462772),(79,'Scegliete voi, se fare un mix a taglio o con una dissolvenza in entrata del secondo brano molto lenta','00:03:27','00:00:19','2025-01-25 09:58:50',8,3405992021,111724462),(80,'Io lo farei entrare con una dissolvenza molto lenta, in modo che si senta bene l\'entrata del secondo brano','00:03:03','00:00:07','2025-07-13 00:47:02',8,2698462792,2670296922),(81,'Appena finisce il piano, il secondo brano deve partire subito e bisogna aumentare gradualmente il suo volume','00:03:06','00:00:24','2025-02-02 13:22:44',9,3405992071,2496437031),(82,'Non vi voglio dire come farlo. Provate voi e vedete cosa viene meglio','00:03:28','00:00:41','2025-08-05 19:19:11',9,2698462742,1277322862),(83,'Qui dovete stare attenti a non mischiare le voci. Appena finisce di cantare nel primo brano, deve entrare il secondo','00:03:04','00:00:51','2025-05-03 08:31:08',9,1203925002,2290913925),(84,'Ditemi voi se dovrei invertire i due brani o se va bene così','00:03:20','00:00:10','2025-03-16 15:31:03',9,1896659227,1334599272),(85,'Qui dovete stare attenti a non mischiare le voci. Appena finisce di cantare nel primo brano, deve entrare il secondo','00:03:31','00:00:20','2025-08-13 14:35:59',9,1710386537,2496438481),(86,'Inizialmente il secondo brano deve entrare senza bassi, poi appena inizia l\'outro del primo brano si introducono completamente.','00:03:17','00:00:52','2025-04-10 01:36:50',9,999734252,3287691381),(87,'Scegliete voi, se fare un mix a taglio o con una dissolvenza in entrata del secondo brano molto lenta','00:03:38','00:00:01','2025-09-04 23:04:45',9,2698462762,3427612591),(88,'Appena nel primo brano si sente l\'ultimo crash, il secondo brano deve partire subito aumentando gradualmente il suo volume','00:03:30','00:00:45','2025-05-25 16:36:38',9,1454607382,1334599212),(89,'Giocate molto con i fader della consolle, così il passaggio viene molto divertente!','00:03:25','00:00:00','2025-01-06 06:04:59',9,1896659257,3263866321),(90,'Appena nel primo brano si sente l\'ultimo crash, il secondo brano deve partire subito aumentando gradualmente il suo volume','00:03:28','00:00:07','2025-01-20 05:40:12',9,2701210182,3405992051),(91,'Ditemi voi se dovrei invertire i due brani o se va bene così','00:03:36','00:00:43','2025-04-03 19:24:00',10,1746568077,1749045777),(92,'Qui dovete stare attenti a non mischiare le voci. Appena finisce di cantare nel primo brano, deve entrare il secondo','00:03:47','00:00:37','2025-05-14 00:30:03',10,493327332,1896659227),(93,'Qui dovete stare attenti a non mischiare le voci. Appena finisce di cantare nel primo brano, deve entrare il secondo','00:03:41','00:00:41','2025-01-24 22:38:21',10,2698462762,1896659287),(94,'Qui dovete stare attenti a non mischiare le voci. Appena finisce di cantare nel primo brano, deve entrare il secondo','00:03:59','00:00:24','2025-04-17 01:00:27',10,750415102,1198332282),(95,'Appena nel primo brano si sente l\'ultimo crash, il secondo brano deve partire subito aumentando gradualmente il suo volume','00:03:51','00:00:15','2025-07-22 15:47:51',10,1665829432,2169088717),(96,'Inizialmente il secondo brano deve entrare senza bassi, poi appena inizia l\'outro del primo brano si introducono completamente.','00:03:59','00:00:32','2025-09-25 03:26:01',10,1088820922,465230242),(97,'Giocate molto con i fader della consolle, così il passaggio viene molto divertente!','00:03:18','00:00:24','2025-03-16 21:24:47',10,1515747392,493327332),(98,'Ditemi voi se dovrei invertire i due brani o se va bene così','00:03:21','00:00:29','2025-02-20 16:19:07',10,1746568077,750415092),(99,'Scegliete voi, se fare un mix a taglio o con una dissolvenza in entrata del secondo brano molto lenta','00:03:34','00:00:13','2025-03-14 10:42:58',10,2373198055,2373199005),(100,'Ditemi voi se dovrei invertire i due brani o se va bene così','00:03:28','00:00:05','2025-07-25 17:41:31',10,1334599252,3427633221),(102,NULL,'00:00:23',NULL,'2025-10-08 09:46:46',3,2373198055,1277322862);
/*!40000 ALTER TABLE `passaggio` ENABLE KEYS */;
UNLOCK TABLES;

--
-- Table structure for table `scaletta`
--

DROP TABLE IF EXISTS `scaletta`;
/*!40101 SET @saved_cs_client     = @@character_set_client */;
/*!50503 SET character_set_client = utf8mb4 */;
CREATE TABLE `scaletta` (
  `id` int NOT NULL AUTO_INCREMENT,
  `nome` varchar(255) NOT NULL,
  `descrizione` text,
  `id_utente` int DEFAULT NULL,
  PRIMARY KEY (`id`),
  KEY `id_utente_scaletta_idx` (`id_utente`),
  CONSTRAINT `id_utente_scaletta` FOREIGN KEY (`id_utente`) REFERENCES `utente` (`id`) ON DELETE SET NULL ON UPDATE CASCADE
) ENGINE=InnoDB DEFAULT CHARSET=utf8mb4 COLLATE=utf8mb4_0900_ai_ci;
/*!40101 SET character_set_client = @saved_cs_client */;

--
-- Dumping data for table `scaletta`
--

LOCK TABLES `scaletta` WRITE;
/*!40000 ALTER TABLE `scaletta` DISABLE KEYS */;
/*!40000 ALTER TABLE `scaletta` ENABLE KEYS */;
UNLOCK TABLES;

--
-- Table structure for table `scaletta_passaggio`
--

DROP TABLE IF EXISTS `scaletta_passaggio`;
/*!40101 SET @saved_cs_client     = @@character_set_client */;
/*!50503 SET character_set_client = utf8mb4 */;
CREATE TABLE `scaletta_passaggio` (
  `id_scaletta` int NOT NULL,
  `id_passaggio` int NOT NULL,
  `ordine` int DEFAULT NULL,
  PRIMARY KEY (`id_scaletta`,`id_passaggio`),
  KEY `id_passaggio` (`id_passaggio`),
  CONSTRAINT `scaletta_passaggio_ibfk_1` FOREIGN KEY (`id_scaletta`) REFERENCES `scaletta` (`id`) ON DELETE CASCADE ON UPDATE CASCADE,
  CONSTRAINT `scaletta_passaggio_ibfk_2` FOREIGN KEY (`id_passaggio`) REFERENCES `passaggio` (`id`) ON DELETE CASCADE ON UPDATE CASCADE
) ENGINE=InnoDB DEFAULT CHARSET=utf8mb4 COLLATE=utf8mb4_0900_ai_ci;
/*!40101 SET character_set_client = @saved_cs_client */;

--
-- Dumping data for table `scaletta_passaggio`
--

LOCK TABLES `scaletta_passaggio` WRITE;
/*!40000 ALTER TABLE `scaletta_passaggio` DISABLE KEYS */;
/*!40000 ALTER TABLE `scaletta_passaggio` ENABLE KEYS */;
UNLOCK TABLES;

--
-- Table structure for table `utente`
--

DROP TABLE IF EXISTS `utente`;
/*!40101 SET @saved_cs_client     = @@character_set_client */;
/*!50503 SET character_set_client = utf8mb4 */;
CREATE TABLE `utente` (
  `id` int NOT NULL AUTO_INCREMENT,
  `username` varchar(50) NOT NULL,
  `nome` varchar(100) NOT NULL,
  `cognome` varchar(100) NOT NULL,
  `password` varchar(255) NOT NULL,
  PRIMARY KEY (`id`),
  UNIQUE KEY `username` (`username`)
) ENGINE=InnoDB AUTO_INCREMENT=14 DEFAULT CHARSET=utf8mb4 COLLATE=utf8mb4_0900_ai_ci;
/*!40101 SET character_set_client = @saved_cs_client */;

--
-- Dumping data for table `utente`
--

LOCK TABLES `utente` WRITE;
/*!40000 ALTER TABLE `utente` DISABLE KEYS */;
INSERT INTO `utente` VALUES (1,'alerossi90','Alessandro','Rossi','$2b$10$Z4ar31.5WhYTlLaVOX4lbOPZrSd4oJuu6Pthqolggoj.Hpx7RGjS6'),(2,'beawhite89','Beatrice','Bianchi','$2b$10$Z4ar31.5WhYTlLaVOX4lbOPZrSd4oJuu6Pthqolggoj.Hpx7RGjS6'),(3,'gioverdi78','Giorgio','Verdi','$2b$10$Z4ar31.5WhYTlLaVOX4lbOPZrSd4oJuu6Pthqolggoj.Hpx7RGjS6'),(4,'dineri2000','Diana','Neri','$2b$10$Z4ar31.5WhYTlLaVOX4lbOPZrSd4oJuu6Pthqolggoj.Hpx7RGjS6'),(5,'stefadb','Stefano','Di Bisceglie','$2b$10$Z4ar31.5WhYTlLaVOX4lbOPZrSd4oJuu6Pthqolggoj.Hpx7RGjS6'),(6,'fragialli95','Francesco','Gialli','$2b$10$Z4ar31.5WhYTlLaVOX4lbOPZrSd4oJuu6Pthqolggoj.Hpx7RGjS6'),(7,'manurossii','Emanuele','Rossi','$2b$10$Z4ar31.5WhYTlLaVOX4lbOPZrSd4oJuu6Pthqolggoj.Hpx7RGjS6'),(8,'paneri98','Paolo','Neri','$2b$10$Z4ar31.5WhYTlLaVOX4lbOPZrSd4oJuu6Pthqolggoj.Hpx7RGjS6'),(9,'giuwhite75','Giuliano','Bianchi','$2b$10$Z4ar31.5WhYTlLaVOX4lbOPZrSd4oJuu6Pthqolggoj.Hpx7RGjS6'),(10,'marros99','Martino','Rossi','$2b$10$Z4ar31.5WhYTlLaVOX4lbOPZrSd4oJuu6Pthqolggoj.Hpx7RGjS6'),(13,'marossi99','Mario','Rossi','$2b$10$Z4ar31.5WhYTlLaVOX4lbOPZrSd4oJuu6Pthqolggoj.Hpx7RGjS6');
/*!40000 ALTER TABLE `utente` ENABLE KEYS */;
UNLOCK TABLES;

--
-- Table structure for table `valutazione`
--

DROP TABLE IF EXISTS `valutazione`;
/*!40101 SET @saved_cs_client     = @@character_set_client */;
/*!50503 SET character_set_client = utf8mb4 */;
CREATE TABLE `valutazione` (
  `id` int NOT NULL AUTO_INCREMENT,
  `voto` int DEFAULT NULL,
  `id_utente` int DEFAULT NULL,
  `id_passaggio` int DEFAULT NULL,
  PRIMARY KEY (`id`),
  UNIQUE KEY `unique_utente_passaggio` (`id_utente`,`id_passaggio`),
  KEY `id_utente` (`id_utente`),
  KEY `id_passaggio` (`id_passaggio`),
  CONSTRAINT `valutazione_ibfk_1` FOREIGN KEY (`id_utente`) REFERENCES `utente` (`id`) ON DELETE SET NULL ON UPDATE CASCADE,
  CONSTRAINT `valutazione_ibfk_2` FOREIGN KEY (`id_passaggio`) REFERENCES `passaggio` (`id`) ON DELETE CASCADE ON UPDATE CASCADE,
  CONSTRAINT `valutazione_chk_1` CHECK (((`voto` >= 1) and (`voto` <= 5)))
) ENGINE=InnoDB AUTO_INCREMENT=204 DEFAULT CHARSET=utf8mb4 COLLATE=utf8mb4_0900_ai_ci;
/*!40101 SET character_set_client = @saved_cs_client */;

--
-- Dumping data for table `valutazione`
--

LOCK TABLES `valutazione` WRITE;
/*!40000 ALTER TABLE `valutazione` DISABLE KEYS */;
INSERT INTO `valutazione` VALUES (1,1,1,66),(2,1,1,7),(3,1,1,1),(4,5,1,64),(5,5,1,68),(6,3,1,59),(7,5,1,9),(8,2,1,46),(9,1,1,32),(10,4,1,41),(11,1,1,95),(12,4,1,35),(13,2,1,20),(14,1,1,8),(15,4,1,53),(16,1,1,90),(17,3,1,69),(18,4,1,89),(19,2,1,2),(20,3,1,40),(21,5,2,74),(22,1,2,8),(23,3,2,24),(24,3,2,60),(25,1,2,30),(26,1,2,2),(27,3,2,95),(28,1,2,12),(29,1,2,39),(30,3,2,82),(31,2,2,22),(32,5,2,78),(33,3,2,23),(34,4,2,70),(35,3,2,10),(36,4,2,42),(37,4,2,28),(38,5,2,61),(39,2,2,6),(40,5,2,4),(41,2,3,3),(42,4,3,10),(43,2,3,9),(44,1,3,20),(45,3,3,24),(46,2,3,18),(47,1,3,7),(48,4,3,94),(49,5,3,35),(50,2,3,50),(51,3,3,41),(52,5,3,56),(53,2,3,21),(54,4,3,1),(55,4,3,57),(56,3,3,59),(57,2,3,68),(58,3,3,90),(59,2,3,91),(60,4,3,52),(61,1,4,87),(62,1,4,15),(63,5,4,3),(64,1,4,55),(65,2,4,62),(66,1,4,33),(67,4,4,93),(68,1,4,30),(69,2,4,91),(70,4,4,90),(71,5,4,9),(72,1,4,68),(73,1,4,43),(74,1,4,45),(75,4,4,11),(76,2,4,82),(77,3,4,60),(78,1,4,69),(79,5,4,72),(80,4,4,50),(81,3,5,48),(82,4,5,38),(83,2,5,33),(84,2,5,69),(85,2,5,100),(86,3,5,19),(87,2,5,60),(88,3,5,42),(89,5,5,22),(90,4,5,56),(91,2,5,66),(92,4,5,93),(93,3,5,87),(94,4,5,14),(95,5,5,82),(96,4,5,73),(97,5,5,5),(98,3,5,61),(99,3,5,12),(100,2,5,99),(101,4,6,35),(102,4,6,64),(103,3,6,90),(104,5,6,49),(105,4,6,50),(106,4,6,68),(107,1,6,24),(108,5,6,4),(109,3,6,74),(110,4,6,15),(111,5,6,94),(112,2,6,7),(113,5,6,27),(114,4,6,59),(115,2,6,70),(116,5,6,92),(117,5,6,36),(118,3,6,30),(119,4,6,72),(120,4,6,26),(121,5,7,75),(122,5,7,46),(123,1,7,1),(124,5,7,47),(125,4,7,81),(126,4,7,38),(127,4,7,73),(128,2,7,40),(129,4,7,29),(130,1,7,71),(131,2,7,9),(132,2,7,5),(133,4,7,25),(134,2,7,74),(135,3,7,15),(136,5,7,76),(137,3,7,33),(138,3,7,85),(139,1,7,24),(140,2,7,11),(141,1,8,28),(142,4,8,52),(143,3,8,57),(144,5,8,34),(145,1,8,81),(146,2,8,76),(147,3,8,17),(148,5,8,91),(149,2,8,67),(150,5,8,51),(151,3,8,48),(152,4,8,33),(153,2,8,16),(154,5,8,87),(155,1,8,6),(156,3,8,60),(157,2,8,54),(158,3,8,56),(159,2,8,80),(160,4,8,63),(161,3,9,65),(162,2,9,60),(163,2,9,45),(164,1,9,95),(165,1,9,1),(166,5,9,94),(167,3,9,62),(168,5,9,93),(169,4,9,25),(170,3,9,79),(171,5,9,36),(172,2,9,19),(173,3,9,37),(174,2,9,10),(175,2,9,42),(176,2,9,75),(177,4,9,90),(178,5,9,52),(179,3,9,40),(180,1,9,8),(181,5,10,63),(182,3,10,4),(183,5,10,59),(184,3,10,93),(185,1,10,49),(186,2,10,78),(187,3,10,68),(188,2,10,8),(189,4,10,42),(190,1,10,95),(191,2,10,11),(192,4,10,76),(193,5,10,62),(194,5,10,14),(195,4,10,30),(196,5,10,87),(197,2,10,18),(198,3,10,61),(199,2,10,19),(200,4,10,21),(201,5,7,63),(202,5,3,25),(203,5,3,60);
/*!40000 ALTER TABLE `valutazione` ENABLE KEYS */;
UNLOCK TABLES;

--
-- Table structure for table `visualizzazione`
--

DROP TABLE IF EXISTS `visualizzazione`;
/*!40101 SET @saved_cs_client     = @@character_set_client */;
/*!50503 SET character_set_client = utf8mb4 */;
CREATE TABLE `visualizzazione` (
  `id` int NOT NULL AUTO_INCREMENT,
  `data_visualizzazione` timestamp NOT NULL DEFAULT CURRENT_TIMESTAMP,
  `id_utente` int DEFAULT NULL,
  `id_passaggio` int NOT NULL,
  PRIMARY KEY (`id`,`data_visualizzazione`),
  KEY `id_utente` (`id_utente`),
  KEY `id_passaggio` (`id_passaggio`),
  CONSTRAINT `visualizzazione_ibfk_1` FOREIGN KEY (`id_utente`) REFERENCES `utente` (`id`) ON DELETE SET NULL ON UPDATE CASCADE,
  CONSTRAINT `visualizzazione_ibfk_2` FOREIGN KEY (`id_passaggio`) REFERENCES `passaggio` (`id`) ON DELETE CASCADE ON UPDATE CASCADE
) ENGINE=InnoDB DEFAULT CHARSET=utf8mb4 COLLATE=utf8mb4_0900_ai_ci;
/*!40101 SET character_set_client = @saved_cs_client */;

--
-- Dumping data for table `visualizzazione`
--

LOCK TABLES `visualizzazione` WRITE;
/*!40000 ALTER TABLE `visualizzazione` DISABLE KEYS */;
/*!40000 ALTER TABLE `visualizzazione` ENABLE KEYS */;
UNLOCK TABLES;
/*!40103 SET TIME_ZONE=@OLD_TIME_ZONE */;

/*!40101 SET SQL_MODE=@OLD_SQL_MODE */;
/*!40014 SET FOREIGN_KEY_CHECKS=@OLD_FOREIGN_KEY_CHECKS */;
/*!40014 SET UNIQUE_CHECKS=@OLD_UNIQUE_CHECKS */;
/*!40101 SET CHARACTER_SET_CLIENT=@OLD_CHARACTER_SET_CLIENT */;
/*!40101 SET CHARACTER_SET_RESULTS=@OLD_CHARACTER_SET_RESULTS */;
/*!40101 SET COLLATION_CONNECTION=@OLD_COLLATION_CONNECTION */;
/*!40111 SET SQL_NOTES=@OLD_SQL_NOTES */;

-- Dump completed on 2025-10-08 14:26:47
